﻿# Host: localhost  (Version 5.5.50)
# Date: 2016-11-18 11:22:45
# Generator: MySQL-Front 5.4  (Build 1.1)

/*!40101 SET NAMES utf8 */;

#
# Structure for table "answer"
#

DROP TABLE IF EXISTS `answer`;
CREATE TABLE `answer` (
  `id` int(11) NOT NULL AUTO_INCREMENT,
  `vopros` int(11) NOT NULL,
  `num` int(11) NOT NULL,
  `right` int(11) NOT NULL,
  `text` text NOT NULL,
  PRIMARY KEY (`id`)
) ENGINE=InnoDB AUTO_INCREMENT=1053 DEFAULT CHARSET=utf8;

#
# Data for table "answer"
#

INSERT INTO `answer` VALUES (1,1,1,0,'1111111111111qqqq'),(2,1,2,0,'222222222222qqqq'),(3,1,3,0,'333333333333qqqq'),(4,1,4,0,'444444qqq'),(5,2,0,0,''),(6,2,0,0,''),(7,2,0,0,''),(8,2,0,0,''),(9,999,1,1,''),(10,999,1,0,''),(11,999,1,0,'657567567'),(12,999,1,0,''),(13,18,1,0,''),(14,18,1,0,''),(15,18,1,0,''),(16,18,1,0,''),(17,19,1,0,''),(18,19,1,0,''),(19,19,1,0,''),(20,19,1,0,''),(21,10,1,1,''),(22,10,1,0,''),(23,10,1,0,''),(24,10,1,0,''),(25,11,1,1,''),(26,11,1,0,''),(27,11,1,0,''),(28,11,1,0,''),(29,12,1,1,''),(30,12,2,0,''),(31,12,3,0,''),(32,12,4,0,''),(33,31,1,1,'212'),(34,31,2,0,'1212'),(35,31,3,0,'12121'),(36,31,4,0,'dfdfdfdfdf'),(37,32,1,1,'3333333333333'),(38,32,2,0,'344444444444444'),(39,32,3,0,'555555555555'),(40,32,4,0,'1'),(41,33,1,1,'11111'),(42,33,2,0,'11111'),(43,33,3,0,'11111'),(44,33,4,0,''),(45,34,1,1,'q1'),(46,34,2,0,'q1'),(47,34,3,0,'q1'),(48,34,4,0,''),(49,35,1,0,'q1'),(50,35,2,1,'q2'),(51,35,3,0,'q3'),(52,35,4,0,''),(53,36,1,1,'3333333333333333'),(54,36,2,0,'44444444444444444'),(55,36,3,0,'5555555555555555'),(56,36,4,0,''),(57,37,1,1,'sdsds'),(58,37,2,0,'sdsds'),(59,37,3,0,'sdsdsd'),(60,37,4,0,'fdfdfd'),(61,38,1,0,'1111'),(62,38,2,1,'1111'),(63,38,3,0,'1111'),(64,38,4,0,'111'),(65,39,1,0,'11111111111-'),(66,39,2,1,'22222222222222-'),(67,39,3,0,'333333333333333-'),(68,39,4,0,'-'),(69,40,1,1,'о12'),(70,40,2,0,'о2'),(71,40,3,0,'о3'),(72,40,4,0,'о4'),(73,41,1,1,'13'),(74,41,2,0,'14'),(75,41,3,0,'15'),(76,41,4,0,'16'),(77,42,1,1,'3-1'),(78,42,2,0,'3-2'),(79,42,3,0,'3-3'),(80,42,4,0,''),(81,43,1,1,'3333333'),(82,43,2,0,'33333333'),(83,43,3,0,'33333333'),(84,43,4,0,'fdfdfdfdf'),(85,44,1,0,'Там'),(86,44,2,0,'Здесь'),(87,44,3,0,'Нас там нет'),(88,44,4,1,'Мне бы туда'),(89,45,1,0,'Adventstanne'),(90,45,2,0,'Adventskalender'),(91,45,3,1,'Adventskranz'),(92,45,4,0,'Adventszeit'),(93,46,1,0,'Pfingsten'),(94,46,2,0,'Ostern'),(95,46,3,0,'Oktoberfest'),(96,46,4,1,'Weihnachten'),(97,47,1,1,'Bundeskanzler'),(98,47,2,0,'Bundesprasident'),(99,47,3,0,'Bundesratsprasident'),(100,47,4,0,''),(101,48,1,0,'Bundeskanzler'),(102,48,2,1,'Bundesprasident'),(103,48,3,0,'Bundesratprasident'),(104,48,4,0,'Bundesau?enminister'),(105,49,1,0,'Ostern'),(106,49,2,0,'Karneval'),(107,49,3,0,'Pfingsten'),(108,49,4,1,'Oktoberfest'),(109,50,1,0,'Hessen'),(110,50,2,0,'Niedersachsen'),(111,50,3,1,'Bayern'),(112,50,4,0,'Brandenburg'),(113,51,1,0,'20'),(114,51,2,1,'16'),(115,51,3,0,'13'),(116,51,4,0,''),(117,52,1,0,'Нидерланды'),(118,52,2,0,'Чехия'),(119,52,3,1,'Италия'),(120,52,4,0,'Дания'),(121,53,1,0,'in'),(122,53,2,1,'in die'),(123,53,3,0,'in der'),(124,53,4,0,'nach'),(125,54,1,0,'in die'),(126,54,2,1,'in der'),(127,54,3,0,'in'),(128,54,4,0,'im'),(129,55,1,0,'zu'),(130,55,2,0,'an'),(131,55,3,1,'fur'),(132,55,4,0,''),(133,56,1,0,'auf den'),(134,56,2,1,'am'),(135,56,3,0,'an'),(136,56,4,0,''),(137,57,1,1,'an'),(138,57,2,0,'uber'),(139,57,3,0,'fur'),(140,57,4,0,'nach'),(141,58,1,0,'auf'),(142,58,2,1,'an'),(143,58,3,0,'vor'),(144,58,4,0,'mit'),(145,59,1,1,'der Shule gegenuber'),(146,59,2,0,'gegenuber der Schule'),(147,59,3,0,'uber der Schule '),(148,59,4,0,''),(149,60,1,0,'die'),(150,60,2,1,'der'),(151,60,3,0,'uber die'),(152,60,4,0,'uber der'),(153,61,1,0,'in'),(154,61,2,0,'am'),(155,61,3,1,'im'),(156,61,4,0,'an'),(157,62,1,1,'nach'),(158,62,2,0,'in der'),(159,62,3,0,'zu'),(160,62,4,0,'in die'),(161,63,1,0,'in der/durch den'),(162,63,2,0,'in die/durch dem'),(163,63,3,0,'in der/durch dem'),(164,63,4,1,'in die/durch den'),(165,64,1,0,'in'),(166,64,2,1,'an'),(167,64,3,0,'auf'),(168,64,4,0,''),(169,65,1,1,'nach'),(170,65,2,0,'in'),(171,65,3,0,'zu'),(172,65,4,0,''),(173,66,1,1,'einen scharfen'),(174,66,2,0,'ein scharfen'),(175,66,3,0,'einen scharfes'),(176,66,4,0,'eines scharfen'),(177,67,1,0,'mir'),(178,67,2,1,'mich'),(179,67,3,0,'-'),(180,67,4,0,''),(181,68,1,0,'Wer'),(182,68,2,0,'Was'),(183,68,3,1,'Wessen'),(184,68,4,0,'Wem'),(185,69,1,1,'Was fur eine'),(186,69,2,0,'Was fur einer'),(187,69,3,0,'Was'),(188,69,4,0,'Welche'),(189,70,1,0,'welche'),(190,70,2,0,'welchem'),(191,70,3,0,'welchen'),(192,70,4,1,'welcher'),(193,71,1,0,'weil'),(194,71,2,1,'dass'),(195,71,3,0,'ob'),(196,71,4,0,'denn'),(197,72,1,1,'wenn'),(198,72,2,0,'ob'),(199,72,3,0,'als'),(200,72,4,0,'weil'),(201,73,1,0,'weil'),(202,73,2,1,'denn'),(203,73,3,0,'dass'),(204,73,4,0,'wen'),(205,74,1,1,'deren'),(206,74,2,0,'dessen'),(207,74,3,0,'wessen'),(208,74,4,0,'denen'),(209,75,1,1,'wenn'),(210,75,2,0,'wann'),(211,75,3,0,'als'),(212,75,4,0,'ob'),(213,76,1,0,'wenn'),(214,76,2,1,'als'),(215,76,3,0,'wann'),(216,76,4,0,'ob'),(217,77,1,0,'denn'),(218,77,2,1,'weil'),(219,77,3,0,'darum'),(220,77,4,0,'als'),(221,78,1,0,'wenn'),(222,78,2,0,'(an)statt dass'),(223,78,3,0,'ohne dass'),(224,78,4,1,'wie'),(225,79,1,0,'als'),(226,79,2,0,'wenn'),(227,79,3,1,'wahrend'),(228,79,4,0,'wann'),(229,80,1,1,'wahrend'),(230,80,2,0,'wenn'),(231,80,3,0,'als'),(232,80,4,0,'wann'),(233,81,1,0,'als'),(234,81,2,0,'wenn'),(235,81,3,0,'wann'),(236,81,4,1,'wahrend'),(237,82,1,0,'wenn'),(238,82,2,1,'wann'),(239,82,3,0,'als'),(240,82,4,0,''),(241,83,1,0,'wenn'),(242,83,2,1,'als'),(243,83,3,0,'wann'),(244,83,4,0,'wahrend'),(245,84,1,0,'wenn'),(246,84,2,1,'als'),(247,84,3,0,'wahrend'),(248,84,4,0,'wann'),(249,85,1,1,'wenn'),(250,85,2,0,'wann'),(251,85,3,0,'wahrend'),(252,85,4,0,'als'),(253,86,1,0,'was'),(254,86,2,0,'weil'),(255,86,3,1,'dass'),(256,86,4,0,'denn'),(257,87,1,1,'dass'),(258,87,2,0,'was'),(259,87,3,0,'ob'),(260,87,4,0,'denn'),(261,88,1,0,'Берлин'),(262,88,2,0,'Гамбург'),(263,88,3,1,'Бремен'),(264,88,4,0,'Мюнхен'),(265,89,1,0,'Гамбург'),(266,89,2,1,'Берлин'),(267,89,3,0,'Мюнхен'),(268,89,4,0,'Кёльн'),(269,90,1,0,'Reichstag'),(270,90,2,1,'Brandenburger Tor'),(271,90,3,0,'Frauenkirche'),(272,90,4,0,'Zugspitze'),(273,91,1,1,'bbf'),(274,91,2,0,'nfnfgfbgf'),(275,91,3,0,'nfgnfg'),(276,91,4,0,''),(277,92,1,0,'Бегом'),(278,92,2,0,'Ползском'),(279,92,3,0,'На оленях'),(280,92,4,1,'А зачем?'),(281,93,1,1,'1'),(282,93,2,0,'2'),(283,93,3,0,'3'),(284,93,4,0,''),(285,94,1,1,'Новый от Маши 1'),(286,94,2,0,'Новый от Маши 1'),(287,94,3,0,'Новый от Маши 1'),(288,94,4,0,''),(289,95,1,1,'ававав'),(290,95,2,0,'ававаававав'),(291,95,3,0,'ававав'),(292,95,4,0,''),(293,96,1,0,'ад'),(294,96,2,0,'вода'),(295,96,3,0,'ядро'),(296,96,4,1,'клад'),(297,97,1,1,'земле'),(298,97,2,0,'москве'),(299,97,3,0,'весеннему говну'),(300,97,4,0,''),(301,98,1,0,'5'),(302,98,2,0,'105'),(303,98,3,1,'4'),(304,98,4,0,'0'),(305,99,1,1,'я'),(306,99,2,0,'Я!'),(307,99,3,0,'Я'),(308,99,4,0,''),(309,100,1,0,'123'),(310,100,2,0,'124'),(311,100,3,1,'1245'),(312,100,4,0,''),(313,101,1,1,'вопрос для Ильи'),(314,101,2,0,'вопрос для Ильи'),(315,101,3,0,'вопрос для Ильи'),(316,101,4,0,''),(317,102,1,1,'авава'),(318,102,2,0,'вава'),(319,102,3,0,'вава'),(320,102,4,0,''),(321,103,1,1,'Вопрос для Unbless'),(322,103,2,0,'Вопрос для Unbless'),(323,103,3,0,'Вопрос для Unbless'),(324,103,4,0,'asd'),(325,104,1,1,'Новый вопрос'),(326,104,2,0,'Новый вопрос'),(327,104,3,0,'Новый вопрос'),(328,104,4,0,'dfdfdf'),(329,105,1,1,'Тест от редактора'),(330,105,2,0,'Тест от редактора'),(331,105,3,0,'Тест от редактора'),(332,105,4,0,'Тест от редактора'),(333,106,1,1,'Тест от редактора'),(334,106,2,0,'Тест от редактора'),(335,106,3,0,'Тест от редактора'),(336,106,4,0,''),(337,107,1,0,'Тест от редактора'),(338,107,2,0,'Тест от редактора'),(339,107,3,0,'Тест от редактора'),(340,107,4,1,''),(341,108,1,1,'вава'),(342,108,2,0,'вава'),(343,108,3,0,'вава'),(344,108,4,0,''),(345,109,1,1,'Для Unbless'),(346,109,2,0,'Для Unbless'),(347,109,3,0,'Для Unbless'),(348,109,4,0,''),(349,110,1,0,' я Лена. сохраняю вопрос в статусе Новый.'),(350,110,2,1,' я Лена. сохраняю вопрос в статусе Новый.'),(351,110,3,0,' я Лена. сохраняю вопрос в статусе Новый.'),(352,110,4,0,''),(353,111,1,0,'я Лена. Сохраняю вопрос в статусе Отправлено редактору'),(354,111,2,1,'я Лена. Сохраняю вопрос в статусе Отправлено редактору'),(355,111,3,0,'я Лена. Сохраняю вопрос в статусе Отправлено редактору'),(356,111,4,0,''),(357,112,1,0,'я Петя. Сохраняю вопрос в статусе Новый'),(358,112,2,0,'я Петя. Сохраняю вопрос в статусе Новый'),(359,112,3,0,'я Петя. Сохраняю вопрос в статусе Новый'),(360,112,4,1,'я Петя. Сохраняю вопрос в статусе Новый'),(361,113,1,1,'я Петя. Сохраняю вопрос в статусе Отклонено.'),(362,113,2,0,'я Петя. Сохраняю вопрос в статусе Отклонено.'),(363,113,3,0,'я Петя. Сохраняю вопрос в статусе Отклонено.'),(364,113,4,0,''),(365,114,1,0,'я Петя. Сохраняю вопрос в статусе Удален или Активен'),(366,114,2,0,'я Петя. Сохраняю вопрос в статусе Удален или Активен'),(367,114,3,1,'я Петя. Сохраняю вопрос в статусе Удален или Активен'),(368,114,4,0,''),(369,115,1,0,'я Петя. Сохраняю вопрос в статусе Удален или Активен'),(370,115,2,0,'я Петя. Сохраняю вопрос в статусе Удален или Активен'),(371,115,3,1,'я Петя. Сохраняю вопрос в статусе Удален или Активен'),(372,115,4,0,''),(373,116,1,0,'Вопрос 8.11.16 тест'),(374,116,2,1,'Вопрос 8.11.16 тест'),(375,116,3,0,'Вопрос 8.11.16 тест'),(376,116,4,0,''),(377,117,1,0,'Тест'),(378,117,2,0,'Тест'),(379,117,3,0,'Тест'),(380,117,4,1,'Тест'),(381,118,1,0,'dfdfd'),(382,118,2,0,'fdfdf'),(383,118,3,0,'dfdfdf'),(384,118,4,1,'dfdfdf'),(385,119,1,0,'редактору'),(386,119,2,1,'редактору'),(387,119,3,0,'редактору'),(388,119,4,0,''),(389,120,1,1,'ппппп'),(390,120,2,0,'ппппп'),(391,120,3,0,'ппппп'),(392,120,4,0,''),(393,121,1,0,'Я редактор'),(394,121,2,1,'Я редактор'),(395,121,3,0,'Я редактор'),(396,121,4,0,'Я редактор'),(397,122,1,1,'Петя создал вопрос'),(398,122,2,0,'Петя создал вопрос'),(399,122,3,0,'Петя создал вопрос'),(400,122,4,0,''),(401,123,1,1,'dddddddddddddddddddddddddddddd'),(402,123,2,0,'dddddddddddddddddddddddddddd'),(403,123,3,0,'dddddddddddddddddddddddddddddddddddddddd'),(404,123,4,0,''),(405,124,1,1,'Автор редактор'),(406,124,2,0,'Автор редактор'),(407,124,3,0,'Автор редактор'),(408,124,4,0,''),(409,125,1,1,'Петя Петя Петя Петя Петя Петя'),(410,125,2,0,'Петя Петя Петя Петя Петя Петя'),(411,125,3,0,'Петя Петя Петя Петя Петя Петя'),(412,125,4,0,''),(413,126,1,1,'Автор вопроса оператор Даша'),(414,126,2,0,'Автор вопроса оператор Даша'),(415,126,3,0,'Автор вопроса оператор Даша'),(416,126,4,0,''),(417,127,1,1,'1'),(418,127,2,0,'1'),(419,127,3,0,'1'),(420,127,4,0,''),(421,128,1,0,'121212'),(422,128,2,0,'114141414'),(423,128,3,1,'242414'),(424,128,4,0,''),(425,129,1,0,'Очередной вопрос от оператора Даши'),(426,129,2,0,'Очередной вопрос от оператора Даши'),(427,129,3,1,'Очередной вопрос от оператора Даши'),(428,129,4,0,''),(429,130,1,1,'А теперь вопрос от Пети редактора'),(430,130,2,0,'А теперь вопрос от Пети редактора'),(431,130,3,0,'А теперь вопрос от Пети редактора'),(432,130,4,0,''),(433,131,1,1,'и при повторном сохранении с такими параметрами, автор меняется на машу'),(434,131,2,0,'и при повторном сохранении с такими параметрами, автор меняется на машу'),(435,131,3,0,'и при повторном сохранении с такими параметрами, автор меняется на машу'),(436,131,4,0,''),(437,132,1,1,'1'),(438,132,2,0,'1'),(439,132,3,0,'1'),(440,132,4,0,''),(441,133,1,1,'Я оператор Даша. Сделала новый вопрос. Отправила его редактору'),(442,133,2,0,'Я оператор Даша. Сделала новый вопрос. Отправила его редактору'),(443,133,3,0,'Я оператор Даша. Сделала новый вопрос. Отправила его редактору'),(444,133,4,0,''),(445,134,1,0,'test'),(446,134,2,0,'test'),(447,134,3,1,'test'),(448,134,4,0,''),(449,135,1,0,'test'),(450,135,2,0,'test'),(451,135,3,1,'test'),(452,135,4,0,''),(453,136,1,1,'ddd'),(454,136,2,0,'ddd'),(455,136,3,0,'ddd'),(456,136,4,0,''),(457,137,1,1,'23412'),(458,137,2,0,'34325435435'),(459,137,3,0,'4564356'),(460,137,4,0,''),(461,138,1,1,'1'),(462,138,2,0,'1'),(463,138,3,0,'1'),(464,138,4,0,''),(465,139,1,1,'test с сергеем тим вьюер'),(466,139,2,0,'test с сергеем тим вьюер'),(467,139,3,0,'test с сергеем тим вьюер'),(468,139,4,0,''),(469,140,1,1,'Последний тест. Автор оператор Даша'),(470,140,2,0,'Последний тест. Автор оператор Даша'),(471,140,3,0,'Последний тест. Автор оператор Даша'),(472,140,4,0,''),(473,141,1,1,'ve'),(474,141,2,0,'vea'),(475,141,3,0,'vera'),(476,141,4,0,'ha visto '),(477,142,1,0,'Valencia'),(478,142,2,1,'Barcelona'),(479,142,3,0,'Madrid'),(480,142,4,0,'Zaragoza'),(481,143,1,1,'test'),(482,143,2,0,'test'),(483,143,3,0,'test'),(484,143,4,0,''),(485,144,1,1,'test2'),(486,144,2,0,'test2'),(487,144,3,0,'test2'),(488,144,4,0,'test2'),(489,145,1,1,'ГДР ( восточная ) и ФРГ ( западная )'),(490,145,2,0,'ФРГ ( восточная ) и ГДР ( западная )'),(491,145,3,0,'БРД ( восточная ) и ФРГ ( западная )'),(492,145,4,0,'ГДР ( восточная ) и БРД ( западная )'),(493,146,1,0,'Праздничный день  перед рождеством'),(494,146,2,0,'Сочельник'),(495,146,3,1,'Предрождественский период длиною в месяц '),(496,146,4,0,'Рождественская ёлка'),(497,147,1,0,'В южной части Европы'),(498,147,2,1,'В сердце Европы'),(499,147,3,0,'В западной части Европы'),(500,147,4,0,'В восточной части Европы'),(501,148,1,0,'Польша'),(502,148,2,1,'Турция'),(503,148,3,0,'Италия'),(504,148,4,0,'Австрия'),(505,149,1,0,'die Erzgebirge'),(506,149,2,0,'die Alpen'),(507,149,3,1,'Die Zugspitze'),(508,149,4,0,'der Harz'),(509,150,1,0,'Berlin, Bremen, Dresden'),(510,150,2,1,'Berlin, Bremen, Hamburg'),(511,150,3,0,'Berlin, Munchen, Hamburg'),(512,150,4,0,'Berlin, Munchen, Bremen'),(513,151,1,0,'50 Mio'),(514,151,2,0,'95 Mio'),(515,151,3,0,'27 Mio'),(516,151,4,1,'80 Mio'),(517,152,1,1,'чёрный-красный-золотой'),(518,152,2,0,'чёрный-жёлтый-красный'),(519,152,3,0,'красный-жёлтый-чёрный'),(520,152,4,0,'чёрный-красный-жёлтый'),(521,153,1,0,'Заяц'),(522,153,2,1,'Медведь'),(523,153,3,0,'Орёл'),(524,153,4,0,'Волк'),(525,154,1,1,'Bayern'),(526,154,2,0,'Hessen'),(527,154,3,0,'Saarland'),(528,154,4,0,'Sachsen-Anhalt'),(529,155,1,0,'Дунай'),(530,155,2,0,'Сена'),(531,155,3,1,'Рейн'),(532,155,4,0,'Эльба'),(533,156,1,0,'fabulosamente'),(534,156,2,1,'fabulosa'),(535,156,3,0,'fabulosomente'),(536,156,4,0,'fabuloso'),(537,157,1,1,'test редактор немецкого'),(538,157,2,0,'test редактор немецкого'),(539,157,3,0,'test редактор немецкого'),(540,157,4,0,'test редактор немецкого'),(541,158,1,0,'Realschule\n'),(542,158,2,1,'Gymnasium'),(543,158,3,0,'\nHauptschule'),(544,158,4,0,''),(545,159,1,0,'1147'),(546,159,2,0,'1437'),(547,159,3,1,'1237'),(548,159,4,0,'1252'),(549,160,1,0,'Александра II'),(550,160,2,1,'Александра I'),(551,160,3,0,'Николая I'),(552,160,4,0,'Александра III'),(553,161,1,0,'Дрезден'),(554,161,2,0,'Берлин'),(555,161,3,0,'Бремен'),(556,161,4,1,'Мюнхен'),(557,162,1,0,'Гамбург'),(558,162,2,0,'Дюссельдорф'),(559,162,3,1,'Дрезден'),(560,162,4,0,'Лейпциг'),(561,163,1,0,'9 Федеральных земель'),(562,163,2,1,'16 Федеральных земель'),(563,163,3,0,'8 Федеральных земель'),(564,163,4,0,'11 Федеральных земель'),(565,164,1,0,'03.10.1991'),(566,164,2,1,'03.10.1990'),(567,164,3,0,'04.10.1990'),(568,164,4,0,'03.07.1990'),(569,165,1,1,' der Bodensee'),(570,165,2,0,'der Ammersee'),(571,165,3,0,'der Muritzsee'),(572,165,4,0,''),(573,166,1,1,'salvame '),(574,166,2,0,'me salvaras '),(575,166,3,0,'salveme '),(576,166,4,0,'me salve'),(577,167,1,0,'Бремен'),(578,167,2,1,'Берлин'),(579,167,3,0,'Дрезден'),(580,167,4,0,'Аугсбург'),(581,168,1,1,'Знаменитый бульвар Берлина'),(582,168,2,0,'Кафедральный собор'),(583,168,3,0,'Парк-музей'),(584,168,4,0,'Знаменитый театр'),(585,169,1,0,'Франкфурт на Майне'),(586,169,2,1,'Гамбург'),(587,169,3,0,'Мюнхен'),(588,169,4,0,'Эрфурт'),(589,170,1,0,'4 ноября'),(590,170,2,1,'3 октября'),(591,170,3,0,'12 июня'),(592,170,4,0,'22 марта'),(593,171,1,0,'7 января'),(594,171,2,1,'25 декабря'),(595,171,3,0,'6 января'),(596,171,4,0,'24 декабря'),(597,172,1,0,'am Marienplatz'),(598,172,2,1,'am Pariser Platz'),(599,172,3,0,'am Alexanderplatz'),(600,172,4,0,''),(601,173,1,1,'im September'),(602,173,2,0,'im Oktober'),(603,173,3,0,'im November'),(604,173,4,0,'im August'),(605,174,1,0,'Мать-Рейн'),(606,174,2,1,'Отец-Рейн'),(607,174,3,0,'Дедушка-Рейн'),(608,174,4,0,'Брат-Рейн'),(609,175,1,1,'Католическое Христианство'),(610,175,2,0,'Ислам'),(611,175,3,0,'Буддизм'),(612,175,4,0,'Православное Христианство'),(613,176,1,0,'Марки'),(614,176,2,0,'Доллары'),(615,176,3,1,'Евро'),(616,176,4,0,''),(617,177,1,0,'vencio\n'),(618,177,2,0,'supero'),(619,177,3,1,'gano\n'),(620,177,4,0,'triunfo'),(621,178,1,0,'Pariser Platz'),(622,178,2,1,'Alexandrplatz'),(623,178,3,0,'Marienplatz'),(624,178,4,0,''),(625,179,1,0,'Мюнхен'),(626,179,2,1,'Кёлн'),(627,179,3,0,'Бонн'),(628,179,4,0,'Берлин'),(629,180,1,0,'mas malo\n'),(630,180,2,0,'bueno'),(631,180,3,1,'peor\n'),(632,180,4,0,'muy interesante'),(633,181,1,0,'Тюрингия'),(634,181,2,0,'Шварцвальд'),(635,181,3,0,'Гарц'),(636,181,4,1,'Шпреевальд'),(637,182,1,0,'para\n'),(638,182,2,1,'sino que'),(639,182,3,0,'que'),(640,182,4,0,'pero'),(641,183,1,1,'Дрезден'),(642,183,2,0,'Мюнхен'),(643,183,3,0,'Бонн'),(644,183,4,0,'Берлин'),(645,184,1,0,'dime\n'),(646,184,2,0,'\ntome\n'),(647,184,3,0,'come'),(648,184,4,1,'dame'),(649,185,1,0,'el'),(650,185,2,0,'la'),(651,185,3,1,'un'),(652,185,4,0,'una'),(653,186,1,1,'cuenta'),(654,186,2,0,'\nrelata'),(655,186,3,0,'habla'),(656,186,4,0,'dice'),(657,187,1,0,'?Hola!\n'),(658,187,2,0,'?Adelante!'),(659,187,3,1,'?Jesus!'),(660,187,4,0,'?Callate!'),(661,188,1,0,'hay'),(662,188,2,0,'es\n'),(663,188,3,0,'tiene'),(664,188,4,1,'esta'),(665,189,1,0,'te pones\n'),(666,189,2,1,'te pongas'),(667,189,3,0,'te pondras'),(668,189,4,0,'te pondrias'),(669,190,1,0,'tal\n'),(670,190,2,0,'muy'),(671,190,3,1,'tan'),(672,190,4,0,'mucho'),(673,191,1,0,'voulais'),(674,191,2,0,'veuille'),(675,191,3,0,'voudrais'),(676,191,4,1,'veux'),(677,191,1,1,'melangeait'),(678,191,2,0,'a melange'),(679,191,3,0,'melange'),(680,191,4,0,''),(681,192,1,1,'Дрезден'),(682,192,2,0,'Мюнхен'),(683,192,3,0,'Бонн'),(684,192,4,0,'Берлин'),(685,193,1,0,'Mercedes'),(686,193,2,0,'BMW'),(687,193,3,1,'Volkswagen'),(688,193,4,0,'Audi'),(689,194,1,1,'Osterhase'),(690,194,2,0,'Osterbar'),(691,194,3,0,'Osterhahn'),(692,194,4,0,'Ostervogel'),(693,195,1,0,'Берлин '),(694,195,2,1,'Постдам'),(695,195,3,0,'Кёльн'),(696,195,4,0,'Бонн'),(697,196,1,0,'Берлин'),(698,196,2,1,'Постдам'),(699,196,3,0,'Бонн'),(700,196,4,0,'Кёльн'),(701,197,1,0,'Ганновер'),(702,197,2,0,'Штуттгарт'),(703,197,3,0,'Лейпциг'),(704,197,4,1,'Боденвердер'),(705,198,1,1,'Бельгия, Австрия, Люксембург, Швейцария'),(706,198,2,0,'Бельгия, Чехия, Люксембург, Швейцария'),(707,198,3,0,'Бельгия, Австрия, Люксембург, Швеция'),(708,198,4,0,'Бельгия, Чехия, Словения, Швейцария'),(709,199,1,0,'Герман Гессе'),(710,199,2,1,'Гюнтер Грасс'),(711,199,3,0,'Генрих Бёлль'),(712,199,4,0,'Томас Манн'),(713,200,1,0,'Берлин - на Шпрее'),(714,200,2,0,' Бонн - на Рейне'),(715,200,3,0,'Дрезден - на Эльбе'),(716,200,4,1,'Мюнхен - на Дунае'),(717,201,1,0,'Eberhard Karls Universitat в Тюбингене'),(718,201,2,1,'Ruprecht-Karls-Universitat в Гейдельберге'),(719,201,3,0,'Humboldt-Universitat в Берлине'),(720,201,4,0,'Ludwig-Maximilians-Universitat в Мюнхене'),(721,202,1,0,'Mainz'),(722,202,2,1,'Weimar'),(723,202,3,0,'Stuttgart'),(724,202,4,0,'Bonn'),(725,203,1,1,'Meissen'),(726,203,2,0,'Kassel'),(727,203,3,0,'Frankfurt am Main'),(728,203,4,0,'Postdam'),(729,204,1,0,'3 недели перед Рождеством'),(730,204,2,1,'4 недели перед Рождестовом '),(731,204,3,0,'1 день перед Рождеством'),(732,204,4,0,''),(733,205,1,0,'Дуб - die Eiche'),(734,205,2,1,'Липа - die Linde'),(735,205,3,0,'Ель - die Tanne'),(736,205,4,0,'Сосна - die Kiefer'),(737,206,1,1,'Leipzig'),(738,206,2,0,'Kassel'),(739,206,3,0,'Postdam'),(740,206,4,0,'Heidelberg'),(741,207,1,0,'через неделю после Пасхи'),(742,207,2,0,'6 июня'),(743,207,3,1,'на 50-ый день после Пасхи.'),(744,207,4,0,''),(745,208,1,0,'2'),(746,208,2,1,'5'),(747,208,3,0,'10'),(748,208,4,0,'6'),(749,209,1,0,'6'),(750,209,2,1,'4'),(751,209,3,0,'5'),(752,209,4,0,''),(753,210,1,0,'Wer?'),(754,210,2,0,'Wem?'),(755,210,3,1,'Wessen?'),(756,210,4,0,'Wen?'),(757,211,1,1,'Кёльнский собор'),(758,211,2,0,'Marienkirche'),(759,211,3,0,'Frauenkirche'),(760,211,4,0,'Трирский собор'),(761,212,1,0,'Крепость Мариенберг'),(762,212,2,1,'Замок Нойшванштайн'),(763,212,3,0,'Замок Лёвенбург'),(764,212,4,0,'Замок Эльц '),(765,213,1,0,'3'),(766,213,2,0,'5'),(767,213,3,0,'4'),(768,213,4,1,'6'),(769,214,1,0,'27'),(770,214,2,0,'30'),(771,214,3,1,'26'),(772,214,4,0,'24'),(773,215,1,0,'Наступление весны'),(774,215,2,0,'Пасха'),(775,215,3,1,'Рождество без снега'),(776,215,4,0,''),(777,216,1,0,'в Китае'),(778,216,2,1,'в США'),(779,216,3,0,'во Франции'),(780,216,4,0,''),(781,217,1,0,'Мартин Лютер Кинг'),(782,217,2,1,'Иоанн Гуттенберг'),(783,217,3,0,'Иоганн Ментелин'),(784,217,4,0,''),(785,218,1,0,'прямой порядок слов'),(786,218,2,1,'подлежащее идет сразу после союза, глагол идет в конец предложения'),(787,218,3,0,'глагол идет сразу после союза, затем подлежащее.'),(788,218,4,0,''),(789,219,1,0,'глагол идет сразу после союза, затем подлежащее'),(790,219,2,1,'прямой порядок слов'),(791,219,3,0,'подлежащее идет сразу после союза, глагол идет в конец предложения'),(792,219,4,0,''),(793,220,1,1,'подлежащее идет сразу после союза, глагол идет в конец предложения'),(794,220,2,0,'глагол идет сразу после союза, затем подлежащее'),(795,220,3,0,'прямой порядок слов'),(796,220,4,0,''),(797,221,1,0,'подлежащее идет сразу после союза, глагол идет в конец предложения'),(798,221,2,1,'глагол идет сразу после союза, затем подлежащее'),(799,221,3,0,'прямой порядок слов'),(800,221,4,0,''),(801,222,1,0,'nicht nur ..., sondern auch ...'),(802,222,2,0,'entweder... , oder ...'),(803,222,3,1,'weder ..., noch ...'),(804,222,4,0,''),(805,223,1,0,'прямой порядок слов'),(806,223,2,0,'глагол идет сразу после союза, затем подлежащее'),(807,223,3,1,'подлежащее идет сразу после союза, глагол идет в конец предложения'),(808,223,4,0,''),(809,224,1,0,'подлежащее идет сразу после союза, глагол идет в конец предложения'),(810,224,2,1,'глагол идет сразу после союза, затем подлежащее'),(811,224,3,0,'прямой порядок слов'),(812,224,4,0,''),(813,225,1,1,'подлежащее идет сразу после союза, глагол идет в конец предложения'),(814,225,2,0,'глагол идет сразу после союза, затем подлежащее'),(815,225,3,0,'прямой порядок слов'),(816,225,4,0,''),(817,226,1,0,'подлежащее идет сразу после союза, глагол идет в конец предложения'),(818,226,2,1,'глагол идет сразу после союза, затем подлежащее'),(819,226,3,0,'прямой порядок слов'),(820,226,4,0,''),(821,227,1,1,' глагол идет сразу после союза, затем подлежащее'),(822,227,2,0,'прямой порядок слов'),(823,227,3,0,'подлежащее идет сразу после союза, глагол идет в конец предложения'),(824,227,4,0,''),(825,228,1,0,'Bundestag'),(826,228,2,0,'Reichstag'),(827,228,3,0,'Guten Tag'),(828,228,4,1,'Landtag'),(829,229,1,0,'Адольф Гитлер'),(830,229,2,1,'Отто фон Бисмарк'),(831,229,3,0,'Мартин Лютер'),(832,229,4,0,''),(833,230,1,0,'булочка с сыром и луком'),(834,230,2,1,'крендель'),(835,230,3,0,'блюдо из свинины'),(836,230,4,0,'ватрушка'),(837,231,1,0,'XIII век'),(838,231,2,0,'XII век'),(839,231,3,1,'XI век'),(840,231,4,0,''),(841,232,1,0,'gut'),(842,232,2,0,'gern'),(843,232,3,1,'am liebsten'),(844,232,4,0,'besser'),(845,233,1,0,'schoner'),(846,233,2,1,'schonsten'),(847,233,3,0,'besserer'),(848,233,4,0,'schon'),(849,234,1,0,'viel'),(850,234,2,1,'mehr'),(851,234,3,0,'gro?er'),(852,234,4,0,'am meisten'),(853,235,1,0,'gut/besser'),(854,235,2,1,'gut/die beste'),(855,235,3,0,'besser/gut'),(856,235,4,0,'die beste/gut'),(857,236,1,0,'alt'),(858,236,2,1,'alter'),(859,236,3,0,'die alteste'),(860,236,4,0,'alter'),(861,237,1,1,'gro?te\n\n'),(862,237,2,0,'gro?erer\n'),(863,237,3,0,'gro?ter'),(864,237,4,0,'gro?er'),(865,238,1,0,'am langsten'),(866,238,2,1,'langer'),(867,238,3,0,'langer'),(868,238,4,0,'lang'),(869,239,1,0,'kalt'),(870,239,2,0,'kalter'),(871,239,3,0,'kalter'),(872,239,4,1,'kaltem'),(873,240,1,0,'junger'),(874,240,2,1,'jung'),(875,240,3,0,'junge'),(876,240,4,0,'jungerer'),(877,241,1,1,'alteren'),(878,241,2,0,'altere'),(879,241,3,0,'altere'),(880,241,4,0,'alte'),(881,242,1,0,'am besten'),(882,242,2,1,'besser'),(883,242,3,0,'beste'),(884,242,4,0,'lieber'),(885,243,1,0,'schwerer\n'),(886,243,2,1,'schwer'),(887,243,3,0,'schwere'),(888,243,4,0,'schwerste'),(889,244,1,0,'viel'),(890,244,2,1,'ofter'),(891,244,3,0,'ofter'),(892,244,4,0,'vieler'),(893,245,1,0,'bald'),(894,245,2,1,'eher'),(895,245,3,0,'am ehesten '),(896,245,4,0,'balder'),(897,246,1,0,'gro?ere'),(898,246,2,1,'gro?te'),(899,246,3,0,'gro?e'),(900,246,4,0,'gro?te'),(901,247,1,0,'gro?ere'),(902,247,2,0,'gro?te'),(903,247,3,1,'gro?e'),(904,247,4,0,'gro?te'),(905,248,1,0,'am liebsten, gern'),(906,248,2,0,'am liebsten, lieber'),(907,248,3,1,'gern, lieber'),(908,248,4,0,'lieber, gern'),(909,249,1,1,'kleine'),(910,249,2,0,'kleinste'),(911,249,3,0,'kleiner'),(912,249,4,0,'kleinere'),(913,250,1,0,'s'),(914,250,2,0,'schone'),(915,250,3,1,'schonen'),(916,250,4,0,'schoner'),(917,251,1,0,'jungen'),(918,251,2,1,'junge'),(919,251,3,0,'junges'),(920,251,4,0,'junger'),(921,252,1,0,'kleiner '),(922,252,2,1,'kleine'),(923,252,3,0,'klein'),(924,252,4,0,'kleinen'),(925,253,1,0,'interessanten'),(926,253,2,0,'interessante '),(927,253,3,0,'interessant'),(928,253,4,1,'interessantes'),(929,254,1,0,'flei?ige'),(930,254,2,0,'flei?iger'),(931,254,3,1,'flei?igen '),(932,254,4,0,'flei?igem'),(933,255,1,0,'gemutlichen'),(934,255,2,0,'gemutliche'),(935,255,3,0,'gemutlichem'),(936,255,4,1,'gemutliches'),(937,256,1,1,'neuen'),(938,256,2,0,'neue'),(939,256,3,0,'neuere'),(940,256,4,0,'neuer'),(941,257,1,1,'italienischen'),(942,257,2,0,'italienischer'),(943,257,3,0,'italienische'),(944,257,4,0,'italienisches'),(945,258,1,0,'lustigen  '),(946,258,2,1,'lustige'),(947,258,3,0,'lustiges'),(948,258,4,0,'lustiger'),(949,259,1,0,'rote'),(950,259,2,1,'roten'),(951,259,3,0,'roter'),(952,259,4,0,'rotes'),(953,260,1,1,'bequemen'),(954,260,2,0,'bequeme'),(955,260,3,0,'bequemes'),(956,260,4,0,'bequemer'),(957,261,1,0,'gro?em'),(958,261,2,1,'gro?en'),(959,261,3,0,'gro?es'),(960,261,4,0,'gro?e'),(961,262,1,1,'gutem'),(962,262,2,0,'gutes'),(963,262,3,0,'gute'),(964,262,4,0,'guten'),(965,263,1,0,'gelbes'),(966,263,2,0,'gelbe'),(967,263,3,1,'gelben'),(968,263,4,0,'gelbem'),(969,264,1,0,'weltbekanntem'),(970,264,2,0,'weltbekanntes'),(971,264,3,0,'weltbekannte'),(972,264,4,1,'weltbekannten'),(973,265,1,1,'frischem'),(974,265,2,0,'frischen'),(975,265,3,0,'frische'),(976,265,4,0,'frisches'),(977,266,1,0,'wunderschonem'),(978,266,2,0,'wunderschone'),(979,266,3,1,'wunderschonen'),(980,266,4,0,'wunderschoner'),(981,267,1,0,'malerischer'),(982,267,2,1,'malerischen'),(983,267,3,0,'malerisches'),(984,267,4,0,'malerische'),(985,268,1,0,'warmen'),(986,268,2,1,'warme'),(987,268,3,0,'warmer'),(988,268,4,0,'warmes'),(989,269,1,0,'kleine'),(990,269,2,0,'kleiner'),(991,269,3,0,'kleinem'),(992,269,4,1,'kleinen'),(993,270,1,1,'graue'),(994,270,2,0,'grauer'),(995,270,3,0,'graues'),(996,270,4,0,'grauen'),(997,271,1,0,'wichtiger'),(998,271,2,0,'wichtigen'),(999,271,3,1,'wichtige'),(1000,271,4,0,''),(1001,272,1,0,'Schwarzem'),(1002,272,2,1,'Schwarzen'),(1003,272,3,0,'Schwarzes'),(1004,272,4,0,'Schwarze'),(1005,273,1,0,'reifen'),(1006,273,2,1,'reife'),(1007,273,3,0,'reifes'),(1008,273,4,0,''),(1009,274,1,1,'kleinen'),(1010,274,2,0,'kleiner'),(1011,274,3,0,'kleine'),(1012,274,4,0,''),(1013,275,1,1,'test french'),(1014,275,2,0,'test french'),(1015,275,3,0,'test french'),(1016,275,4,0,'test french'),(1017,191,1,1,'construite'),(1018,191,2,0,'construit'),(1019,191,3,0,'construisait'),(1020,191,4,0,''),(1021,191,1,1,'construite'),(1022,191,2,0,'test'),(1023,191,3,0,'test'),(1024,191,4,0,''),(1025,191,1,1,'construite'),(1026,191,2,0,'construit'),(1027,191,3,0,'construisait'),(1028,191,4,0,''),(1029,191,1,1,'1'),(1030,191,2,0,'1'),(1031,191,3,0,'1'),(1032,191,4,0,''),(1033,276,1,1,'1'),(1034,276,2,0,'1'),(1035,276,3,0,'1'),(1036,276,4,0,''),(1037,277,1,1,'C\'etait une forteresse (construire).'),(1038,277,2,0,'C\'etait une forteresse (construire).'),(1039,277,3,0,'C\'etait une forteresse (construire).'),(1040,277,4,0,''),(1041,278,1,1,'construite'),(1042,278,2,0,'construit'),(1043,278,3,0,'construisait'),(1044,278,4,0,''),(1045,279,1,1,'1'),(1046,279,2,0,'1'),(1047,279,3,0,'1'),(1048,279,4,0,''),(1049,280,1,1,'тест Саша Л.'),(1050,280,2,0,'тест Саша Л.'),(1051,280,3,0,'тест Саша Л.'),(1052,280,4,0,'тест Саша Л.');

#
# Structure for table "category"
#

DROP TABLE IF EXISTS `category`;
CREATE TABLE `category` (
  `id` int(11) NOT NULL AUTO_INCREMENT,
  `parent` int(11) NOT NULL,
  `name` varchar(50) NOT NULL,
  `active` int(11) NOT NULL,
  `deleted` int(11) NOT NULL,
  PRIMARY KEY (`id`),
  KEY `category_id` (`id`)
) ENGINE=InnoDB AUTO_INCREMENT=21 DEFAULT CHARSET=utf8;

#
# Data for table "category"
#

INSERT INTO `category` VALUES (7,0,'Русский язык',0,0),(8,0,'История',0,0),(9,0,'Математика',0,0),(10,0,'Литература',0,0),(11,0,'География',0,0),(12,0,'Физика',0,0),(13,0,'Химия',0,0),(14,0,'Английский язык',0,0),(15,0,'Немецкий язык',0,0),(16,0,'Французский язык',0,0),(17,0,'Испанский язык',0,0),(18,0,'Обществознание',0,0),(19,0,'Биология',0,0),(20,0,'Информатика',0,0);

#
# Structure for table "category_for"
#

DROP TABLE IF EXISTS `category_for`;
CREATE TABLE `category_for` (
  `id` int(11) NOT NULL AUTO_INCREMENT,
  `operator` int(11) NOT NULL DEFAULT '0',
  `category` int(11) NOT NULL DEFAULT '0',
  PRIMARY KEY (`id`)
) ENGINE=InnoDB AUTO_INCREMENT=79 DEFAULT CHARSET=utf8;

#
# Data for table "category_for"
#

INSERT INTO `category_for` VALUES (20,1,8),(21,1,9),(22,1,7),(24,3,9),(25,3,12),(33,6,12),(49,0,14),(50,0,16),(51,0,17),(54,5,14),(55,5,17),(56,5,16),(57,5,15),(58,13,14),(59,13,19),(60,3,11),(61,3,8),(62,7,11),(63,15,14),(64,15,15),(66,11,15),(67,11,11),(68,16,12),(69,16,15),(71,5,11),(72,6,11),(75,21,17),(76,20,16),(77,19,15),(78,17,17);

#
# Structure for table "game_call"
#

DROP TABLE IF EXISTS `game_call`;
CREATE TABLE `game_call` (
  `id` int(11) NOT NULL AUTO_INCREMENT,
  `kto` int(11) NOT NULL DEFAULT '0',
  `kogo` int(11) NOT NULL DEFAULT '0',
  `kuda` int(11) NOT NULL DEFAULT '0',
  `zapros` int(11) NOT NULL DEFAULT '0',
  `zapros_time` int(11) NOT NULL DEFAULT '0',
  `zapros_die` int(11) NOT NULL DEFAULT '0',
  `otvet` int(11) NOT NULL DEFAULT '0',
  `them` int(11) NOT NULL DEFAULT '0',
  PRIMARY KEY (`id`)
) ENGINE=InnoDB AUTO_INCREMENT=4 DEFAULT CHARSET=utf8;

#
# Data for table "game_call"
#

INSERT INTO `game_call` VALUES (1,5,6,7,0,0,0,0,0),(2,5,4,8,1,0,0,0,0),(3,5,6,9,1,0,0,1,0);

#
# Structure for table "gamer"
#

DROP TABLE IF EXISTS `gamer`;
CREATE TABLE `gamer` (
  `id` int(11) NOT NULL AUTO_INCREMENT,
  `login` varchar(50) NOT NULL,
  `mail` varchar(50) NOT NULL,
  `pass` varchar(50) NOT NULL,
  `nickname` varchar(50) NOT NULL DEFAULT '',
  `ratio` int(11) NOT NULL DEFAULT '0',
  PRIMARY KEY (`id`)
) ENGINE=InnoDB AUTO_INCREMENT=29 DEFAULT CHARSET=utf8;

#
# Data for table "gamer"
#

INSERT INTO `gamer` VALUES (1,'e','e@e.com','1','',0),(2,'walya','w@w.com','1','',0),(3,'quatya','q@q.com','1','',0),(25,'lena','','1','',5000),(26,'masha','','1','',4500),(27,'katya','','1','',6500),(28,'newlogin2','','','',11000);

#
# Structure for table "gamer_frend"
#

DROP TABLE IF EXISTS `gamer_frend`;
CREATE TABLE `gamer_frend` (
  `id` int(11) NOT NULL AUTO_INCREMENT,
  `kto` int(11) NOT NULL DEFAULT '0',
  `kogo` varchar(255) NOT NULL DEFAULT '',
  PRIMARY KEY (`id`)
) ENGINE=InnoDB AUTO_INCREMENT=3 DEFAULT CHARSET=utf8;

#
# Data for table "gamer_frend"
#

INSERT INTO `gamer_frend` VALUES (1,25,'26'),(2,26,'25');

#
# Structure for table "notify"
#

DROP TABLE IF EXISTS `notify`;
CREATE TABLE `notify` (
  `id` int(11) NOT NULL AUTO_INCREMENT,
  `datatime` int(11) NOT NULL DEFAULT '0',
  `kto` int(11) NOT NULL DEFAULT '0',
  `komu` int(11) NOT NULL DEFAULT '0',
  `vopros` int(11) NOT NULL DEFAULT '0',
  `type` int(11) NOT NULL DEFAULT '0',
  `prochitano` int(11) NOT NULL DEFAULT '0',
  PRIMARY KEY (`id`)
) ENGINE=InnoDB AUTO_INCREMENT=55 DEFAULT CHARSET=utf8;

#
# Data for table "notify"
#

INSERT INTO `notify` VALUES (20,1477465459,3,0,39,1,0),(28,1478520908,1,0,103,1,0),(32,1478595883,7,11,109,1,0),(33,1478612980,3,11,111,1,0),(35,1478626195,11,0,123,2,0),(37,1478630488,17,0,124,2,0),(41,1478695956,17,0,129,2,0),(42,1478696011,7,11,129,1,0),(43,1478697443,7,5,132,1,0),(44,1478697670,7,6,133,1,0),(45,1478697684,7,17,135,1,0),(48,1478699828,7,17,139,1,0),(49,1478699930,17,0,139,2,0),(50,1478700067,7,17,139,1,0),(51,1478702798,17,0,139,2,0),(54,1478731377,7,11,140,1,0);

#
# Structure for table "operator"
#

DROP TABLE IF EXISTS `operator`;
CREATE TABLE `operator` (
  `id` int(11) NOT NULL AUTO_INCREMENT,
  `login` varchar(50) NOT NULL,
  `mail` varchar(50) NOT NULL,
  `skype` varchar(50) NOT NULL,
  `role` int(11) NOT NULL,
  `pass` varchar(50) NOT NULL,
  `deleted` int(11) NOT NULL,
  `tel` varchar(20) NOT NULL DEFAULT '',
  PRIMARY KEY (`id`),
  KEY `operator_id` (`id`)
) ENGINE=InnoDB AUTO_INCREMENT=22 DEFAULT CHARSET=utf8;

#
# Data for table "operator"
#

INSERT INTO `operator` VALUES (1,'admin','admin@admin.ru','admin',1,'1',0,'+7-964-185-02-47'),(3,'masha','m@m.ru','',2,'1',0,'+7-495-0000000'),(7,'dasha','d@d.ru','',2,'1',0,'+7-495-0000000'),(9,'serg','sergey-free@yandex.ru','',1,'1',0,'+7-495-0000000'),(11,'Unbless','ilya.bochenkov@gmail.com','Aibent',3,'123',0,'666666666'),(12,'AlexandrAdmin','lohin.alexandr@gmail.com','lohin.aleksandr',1,'916668',0,''),(14,'Creative ','creative.oae@gmail.com','Davlet-dubai1',2,'ariza1987',0,''),(15,'laralita123','laralaralit@mail.ru','laralita123',3,'lL260995',0,'+79151531926'),(16,'Unbless2','v@v.ru','1',2,'1',0,''),(17,'Petya','p@p.ru','Petya',3,'1',0,'+7'),(19,'Sunrave','dimapalikov@mail.ru','',0,'0120102',0,''),(20,'Diana','Dinati96@mail.ru','',3,'french',0,'+79652160780'),(21,'espanol1237','galina.korneeva2015@yandex.ru','',3,'71276',0,'+79260552458');

#
# Structure for table "vopros"
#

DROP TABLE IF EXISTS `vopros`;
CREATE TABLE `vopros` (
  `id` int(11) NOT NULL AUTO_INCREMENT,
  `category` int(11) NOT NULL,
  `name` varchar(200) NOT NULL DEFAULT '',
  `title` text NOT NULL,
  `operator` int(11) NOT NULL,
  `status` int(11) NOT NULL,
  `deleted` int(11) NOT NULL,
  `sloj` int(11) NOT NULL,
  `otvetov` int(11) NOT NULL,
  `pokaz` int(11) NOT NULL,
  `typequest` int(11) NOT NULL,
  `operator2` int(11) NOT NULL,
  `redaktor` int(11) NOT NULL DEFAULT '0',
  `formula` text NOT NULL,
  PRIMARY KEY (`id`)
) ENGINE=InnoDB AUTO_INCREMENT=212 DEFAULT CHARSET=utf8;

#
# Data for table "vopros"
#

INSERT INTO `vopros` VALUES (45,15,'Что изображено на картинке?','',15,0,0,2,3,1,3,0,1,'                    '),(46,15,'Какой праздник изображён на картинке?','',15,0,0,1,3,1,3,0,1,'                    '),(47,15,'Какой пост в правительстве Германии занимает Ангела Меркель?','',15,0,0,3,3,0,3,0,1,'                    '),(48,15,'Какой пост в правительстве Германии занимает Йоахим Гаук?','',15,0,0,3,3,1,3,0,1,'                    '),(49,15,'Какой праздник изображен на картинке?','',15,0,0,2,3,1,3,0,1,'                    '),(50,15,'В какой федеральной земле Германии празднуется Oktoberfest?','Oktoberfest празднуется в Баварии',0,0,0,2,3,1,3,15,1,'                                                            '),(51,15,'Сколько Федеральных земель в Германии?','',15,0,0,1,3,0,3,0,1,'                    '),(52,15,'С какой из стран НЕ граничит Германия?','',15,0,0,1,3,1,3,0,1,'                    '),(53,15,'Morgen fahren Tom und Anna ... Niederlande.','Die Niederlande\n(Нидерланды)- страна-исключение и имеет женский род (остальные страны употребляются в среднем роде). \nРяд еще нескольких употребляемых с артиклем стран: die Vereinigten Staaten von Amerika (die USA), der Iran, der Irak, die Tschechische Republik, die Dominikanische Republik, die Ukraine, die Schweiz, die Slowakei, die Turkei.',0,0,0,2,3,1,1,15,1,'                                        '),(54,15,'Mein Bruder wohnt schon 3 Jahre ...Turkei.','DieTurkei \n(Турция)- страна-исключение и имеет женский род (остальные страны употребляются в среднем роде). \nРяд еще нескольких употребляемых с артиклем стран: die Vereinigten Staaten von Amerika (die USA), der Iran, der Irak, die Tschechische Republik, die Dominikanische Republik, die Ukraine, die Schweiz, die Slowakei, die Niederlande.',15,0,0,2,3,1,1,0,1,'                    '),(55,15,'Die Mutter kauft ... die Tochter ein Spielzeug.','fur - для\nzu - к\nan - на ( на вертикальной поверхности )\nauf - на ( на горизонтальной поверхности)\nin - в\nvor - перед\nneben - рядом\nzwischen - между\nhinter- сзади\nunter - под\nuber - сверху\n ',15,0,0,2,3,0,1,0,1,'                    '),(56,15,'Peter sitzt ... Fenster.','das Fenster - средний род\nWo sitzt Peter? (Где?) =&gt; Dativ ( Дательный падеж ), значит auf dem (=am).',15,0,0,2,3,0,1,0,1,'                    '),(57,15,'Erinnere du dich ... deinen ersten Deutschunterricht!','Управление глагола sich errinern an Akk. (Akkusativ) - винительный падеж.\nsich errinern an Akk. - вспоминать о ч/л.',0,0,0,2,3,1,1,15,1,'                                        '),(58,15,'Deutschland grenzt ... viele Lander',' управление grenzen an Akk (винительный падеж)\ngrenzen an Akk - граничить с',0,0,0,1,3,1,2,15,1,'                                        '),(59,15,'Das Haus steht ...','Некоторые предлоги, как вы уже видели, могут быть превращены в послелоги, то есть стоять после существительного, к которому относятся:\nnach meiner Meinung = meiner Meinung nach – по моему мнению,\nwegen des Kindes = des Kindes wegen – из-за ребенка,\ngegenuber seinem Freund = seinem Freund gegenuber – по отношению к своему другу,\nentsprechend/entgegen den Vorschriften = den Vorschriften entsprechend/entgegen – согласно, соответственно/вопреки предписаниям…\nВ некоторых случаях это меняет падеж:\nzufolge der Nachrichten (Genitiv) = den Nachrichten zufolge (Dativ) – согласно (как следует из) новостям, сообщениям,\nzugunsten der Kinder (Genitiv) = den Kindern zugunsten (Dativ) – в пользу детей,\n den Fluss entlang (Akkusativ) – вдоль реки.',15,0,0,3,3,0,1,0,1,'                    '),(60,15,'Der Patient bedarf ... Ruhe.','bedurfen G (Genetiv) - нуждаться в ч/л.\nПредлога не требует.\n',15,0,0,2,3,1,2,0,1,'                    '),(61,15,'Deutschland liegt ... Zentrum Europas.','das Zentrum\nWo liegt Deutschland?(где?) =&gt; Dativ (дательный падеж).\nin dem Zentrum=im Zentrum',15,0,0,2,3,1,1,0,1,'                    '),(62,15,'Ich finde diese Fahrt ... Frankreich billig.','Frankreich - не относится к странам исключениям, употребляется без артикля с предлогом nach.\nПредлог nach употребляется со словом в значении &quot;куда&quot;.\nРяд нескольких употребляемых с артиклем стран: die Vereinigten Staaten von Amerika (die USA), der Iran, der Irak, die Tschechische Republik, die Dominikanische Republik, die Ukraine, die Schweiz, die Slowakei, die Turkei, die Niederlande.',15,0,0,2,3,1,1,0,1,'                    '),(63,15,' Die Kinder gingen ... ... Schule ... ... Wald.','Die Kinder gehen wochin? (куда?)=&gt; Akkusativ (винительный падеж).\nSie gehen in die Schule/\nПредлог durch также употребляется с существительными в винительном падеже (Akkusativ).\n',15,0,0,3,3,1,2,0,1,'                    '),(64,15,'Studierte er ... der Universitat in Berlin oder Magdeburg?','studieren an Dativ (дательный падеж) - учиться , изучать (относится к высшему образованию).\nan der Universitat (Uni) studieren - учиться в университете.\n\n\n',0,0,0,2,3,0,2,15,1,'                                        '),(65,15,'Ist Renate als Touristin ... Sankt-Petersburg gefahren?','Предлог nach употребляется со словом в значении &quot;куда&quot;.',15,0,0,1,3,0,1,0,1,'                    '),(66,15,'Er hat ... ... Blick.','der Blick\nEr hat was?(Что?) =&gt; Akkusativ (винительный падеж)\nзначит den Blick/einen Blick/ einen scharfen Blick.',15,0,0,3,3,1,2,0,1,'                    '),(67,15,'Emil ruf ...an, um nach der Adresse der Firma zu fragen.','sich anrufen Akkusativ (винительный падеж)',15,0,0,3,3,0,2,0,1,'                    '),(68,15,'...Heft ist das?','Wessen - чей, чья, чьё.\nWer - кто?\nWem - кому?\nWas - что?',15,0,0,2,3,1,1,0,1,'                    '),(69,15,' ... Ausstellung hast du gestern besucht?','Die Ausstellung - выставка\n',15,0,0,2,3,1,1,0,1,'                    '),(70,15,'Mit ... Strassenbahn fahren Sie in die Bibliothek?','Die Strassenbahn (ж.р.) - трамвай.\nПредлог &quot;mit&quot; употребляется с существительными в дательном падеже (Dativ).\nMit der Strassenbahn.',15,0,0,2,3,1,1,0,1,'                    '),(71,15,'Der Lehrer meint, ... nicht alle Schuler die Aufgabe richtig verstanden haben.','Союз &quot;dass&quot; переводится как &quot;что&quot;.\nВ придаточном предложении с cоюзом &quot;dass&quot; глагол всегда стоит на последнем месте, а само придаточное предложение отделяется запятой от главного.',15,0,0,3,3,1,2,0,1,'                    '),(72,15,'Gehst du spazieren, ... das Wetter gut ist?','Союз&quot;wenn&quot; переводится как &quot;когда&quot;,&quot;если&quot;.\n1) когда\nа) при повторяющихся действиях во всех временах\nwenn ich hier vorbeigehe, mu? ich an dich denken — (каждый, всякий раз) когда я прохожу мимо этого места, я невольно думаю о тебе\nwenn der Herbst beginnt — когда начинается осень...\njedesmal, wenn die Uhr schlug, lugte ein Kuckuck durch das Turchen — каждый ( всякий ) раз, когда часы били, из дверцы выглядывала кукушка\nб) при однократном действии в будущем\nwenn er zuruckkommt, brechen wir auf — когда он вернётся, мы отправимся (в путь)\nwenn du deine Arbeit beendet hast, sage es uns — когда ты закончишь свою работу, скажи нам\n2) если\nwenn du fruher gekommen warest, hattest du ihn noch getroffen — если бы ты пришёл раньше, ты бы ещё застал его.\n\n&quot;Als&quot; употребляется лишь при однократном действии в прошлом.\nAls ich ein Kind war...\n',15,0,0,3,3,1,2,0,1,'                    '),(73,15,'Die Kinder sind heute so fruh aufgestanden, ... sie fahren mit den Eltern zu ihren Grosseltern.\n','Союз &quot;denn&quot; переводится как &quot;потому что&quot; .\nПосле этого союза прямой порядок слов ( подлежащее, сказуемое, ... ).\n',15,0,0,3,3,1,1,0,1,'                    '),(74,15,'Wir haben eine Wohnung, ... Miete nicht hoch ist.','Важно запомнить, что:\n&quot;wessen&quot; - вопросительное слово\n denen - которым (Dativ множественного числа) \n(помните: den Kindern – детям, denen – этим):\nKinder, denen wir helfen mussen. – Дети, которым мы должны помочь.\nLeute, mit denen sie zusammen gearbeitet hat. – Люди, с которыми она вместе работала.\n\nDas ist der Herr, dessen Frau unsere Chefin geworden ist. – Это тот господин, чья жена, жена которого стала нашим начальником. (Потому что die Frau des Herrn – жена господина.) - мужской род.\nDas ist die Frau, deren Kind noch mit drei Jahren lesen konnte. – Это та женщина, чей ребенок, ребенок которой уже (дословно: еще) в три года мог читать. (Потому что das Kind der Frau – ребенок женщины.) - женский род.\nManner, deren Frauen berufstatig sind. – Мужчины, чьи жены, жены которых работают (дословно: являются профессионально деятельными). (Потому что die Frauen der Manner – жены мужчин.) - множественное число.\n',15,0,0,3,3,1,3,0,1,'                    '),(75,15,'... der Mantel gereinigt werden soll, durfen keine Knopfe darauf sein.','Союз&quot;wenn&quot; переводится как &quot;когда&quot;,&quot;если&quot;.\n1) когда\nа) при повторяющихся действиях во всех временах\nwenn ich hier vorbeigehe, mu? ich an dich denken — (каждый, всякий раз) когда я прохожу мимо этого места, я невольно думаю о тебе\nwenn der Herbst beginnt — когда начинается осень...\njedesmal, wenn die Uhr schlug, lugte ein Kuckuck durch das Turchen — каждый ( всякий ) раз, когда часы били, из дверцы выглядывала кукушка\nб) при однократном действии в будущем\nwenn er zuruckkommt, brechen wir auf — когда он вернётся, мы отправимся (в путь)\nwenn du deine Arbeit beendet hast, sage es uns — когда ты закончишь свою работу, скажи нам\n2) если\nwenn du fruher gekommen warest, hattest du ihn noch getroffen — если бы ты пришёл раньше, ты бы ещё застал его.\n\n&quot;Als&quot; употребляется лишь при однократном действии в прошлом.\nAls ich ein Kind war...\n&quot;Wann&quot; - вопросительное слово',15,0,0,3,3,0,1,0,1,'                    '),(76,15,'...  wir die Arbeit beendet hatten, kehrten wir nach Hause zuruck.','Союз&quot;wenn&quot; переводится как &quot;когда&quot;,&quot;если&quot;.\n1) когда\nа) при повторяющихся действиях во всех временах\nwenn ich hier vorbeigehe, mu? ich an dich denken — (каждый, всякий раз) когда я прохожу мимо этого места, я невольно думаю о тебе\nwenn der Herbst beginnt — когда начинается осень...\njedesmal, wenn die Uhr schlug, lugte ein Kuckuck durch das Turchen — каждый ( всякий ) раз, когда часы били, из дверцы выглядывала кукушка\nб) при однократном действии в будущем\nwenn er zuruckkommt, brechen wir auf — когда он вернётся, мы отправимся (в путь)\nwenn du deine Arbeit beendet hast, sage es uns — когда ты закончишь свою работу, скажи нам\n2) если\nwenn du fruher gekommen warest, hattest du ihn noch getroffen — если бы ты пришёл раньше, ты бы ещё застал его.\n\n&quot;Als&quot; употребляется лишь при однократном действии в прошлом.\nAls ich ein Kind war...\n&quot;Wann&quot; - вопросительное слово',15,0,0,3,3,1,1,0,1,'                    '),(77,15,'Ich konnte nicht arbeiten, ... ich  krank war.','Союз &quot;weil&quot; переводится как &quot;потому что&quot;, и после этого союза следует сначала подлежащее, затем второстепенные члены предложения, а глагол ставится на конец. \nСоюз &quot;denn&quot; переводится как &quot;потому что&quot; .\nПосле этого союза прямой порядок слов ( подлежащее, сказуемое, ... ).',15,0,0,3,3,1,1,0,1,'                    '),(78,15,'Er lebt, ... es ihm der Arzt vorschreibt.','Союз &quot;wie&quot; - как\nСоюз&quot;wenn&quot; переводится как &quot;когда&quot;,&quot;если&quot;.\n1) когда\nа) при повторяющихся действиях во всех временах\nwenn ich hier vorbeigehe, mu? ich an dich denken — (каждый, всякий раз) когда я прохожу мимо этого места, я невольно думаю о тебе\nwenn der Herbst beginnt — когда начинается осень...\njedesmal, wenn die Uhr schlug, lugte ein Kuckuck durch das Turchen — каждый ( всякий ) раз, когда часы били, из дверцы выглядывала кукушка\nб) при однократном действии в будущем\nwenn er zuruckkommt, brechen wir auf — когда он вернётся, мы отправимся (в путь)\nwenn du deine Arbeit beendet hast, sage es uns — когда ты закончишь свою работу, скажи нам\n2) если\nwenn du fruher gekommen warest, hattest du ihn noch getroffen — если бы ты пришёл раньше, ты бы ещё застал его.\n\nohne dass -хотя\nКогда в придаточном предложении нужно передать отрицание какого-либо действия, используют союз ohne dass или конструкцию ohne... zu..., в зависимости от того, совпадает ли подлежащие главного и придаточного предложения: если да, то ипользуется ohne... zu..., если нет - то ohne dass.\n  (Er kam, ohne dass wir ihn einluden. - Он пришел, хотя мы его и не приглашали) .\n  (Sie ging weg, ohne das Licht auszuschalten. - Она ушла, не выключив свет) .\n\nstatt dass -  вместо того, чтобы\nSie bleibt, (an)statt zu gehen. – Она остается, вместо того, чтобы уехать.',15,0,0,3,3,1,2,0,1,'                    '),(79,15,'... wir im Kino waren, wurde unser Auto gestohlen.','&quot;wahrend&quot; - во время того, как/в то время, как.\nЭтот союз потребляется в придаточном предложении, если события или действия в главном и придаточном предложениях происходили в одно время.\nWahrend ich in Hamburg studierte, ging ich oft ins Theater. - В то время, как я учился в Гамбурге, я часто ходил в театр.\n\nСоюз &quot;wenn&quot; переводится как &quot;когда&quot;, &quot;если&quot;.\n1) когда\nа) при повторяющихся действиях во всех временах\nwenn ich hier vorbeigehe, mu? ich an dich denken — (каждый, всякий раз) когда я прохожу мимо этого места, я невольно думаю о тебе\nwenn der Herbst beginnt — когда начинается осень...\njedesmal, wenn die Uhr schlug, lugte ein Kuckuck durch das Turchen — каждый ( всякий ) раз, когда часы били, из дверцы выглядывала кукушка\nб) при однократном действии в будущем\nwenn er zuruckkommt, brechen wir auf — когда он вернётся, мы отправимся (в путь)\nwenn du deine Arbeit beendet hast, sage es uns — когда ты закончишь свою работу, скажи нам\n2) если\nwenn du fruher gekommen warest, hattest du ihn noch getroffen — если бы ты пришёл раньше, ты бы ещё застал его.\n\n&quot;Als&quot; употребляется лишь при однократном действии в прошлом.\nAls ich ein Kind war,...\n\n&quot;Wann&quot; - вопросительное слово.',15,0,0,3,3,1,2,0,1,'                    '),(80,15,'... ich in Hamburg studierte, ging ich oft ins Theater. ','&quot;wahrend&quot; - во время того, как/в то время, как.\nЭтот союз потребляется в придаточном предложении, если события или действия в главном и придаточном предложениях происходили в одно время.\nWahrend ich in Hamburg studierte, ging ich oft ins Theater. - В то время, как я учился в Гамбурге, я часто ходил в театр.\n\nСоюз &quot;wenn&quot; переводится как &quot;когда&quot;, &quot;если&quot;.\n1) когда\nа) при повторяющихся действиях во всех временах\nwenn ich hier vorbeigehe, mu? ich an dich denken — (каждый, всякий раз) когда я прохожу мимо этого места, я невольно думаю о тебе\nwenn der Herbst beginnt — когда начинается осень...\njedesmal, wenn die Uhr schlug, lugte ein Kuckuck durch das Turchen — каждый ( всякий ) раз, когда часы били, из дверцы выглядывала кукушка\nб) при однократном действии в будущем\nwenn er zuruckkommt, brechen wir auf — когда он вернётся, мы отправимся (в путь)\nwenn du deine Arbeit beendet hast, sage es uns — когда ты закончишь свою работу, скажи нам\n2) если\nwenn du fruher gekommen warest, hattest du ihn noch getroffen — если бы ты пришёл раньше, ты бы ещё застал его.\n\n&quot;Als&quot; употребляется лишь при однократном действии в прошлом.\nAls ich ein Kind war,...\n\n&quot;Wann&quot; - вопросительное слово.',15,0,0,3,3,1,2,15,1,'                                        '),(81,15,'... die Mutter kocht,spielt der Sohn im Zimmer.','&quot;wahrend&quot; - во время того, как/в то время, как.\nЭтот союз потребляется в придаточном предложении, если события или действия в главном и придаточном предложениях происходили в одно время.\nWahrend ich in Hamburg studierte, ging ich oft ins Theater. - В то время, как я учился в Гамбурге, я часто ходил в театр.\n\nСоюз &quot;wenn&quot; переводится как &quot;когда&quot;, &quot;если&quot;.\n1) когда\nа) при повторяющихся действиях во всех временах\nwenn ich hier vorbeigehe, mu? ich an dich denken — (каждый, всякий раз) когда я прохожу мимо этого места, я невольно думаю о тебе\nwenn der Herbst beginnt — когда начинается осень...\njedesmal, wenn die Uhr schlug, lugte ein Kuckuck durch das Turchen — каждый ( всякий ) раз, когда часы били, из дверцы выглядывала кукушка\nб) при однократном действии в будущем\nwenn er zuruckkommt, brechen wir auf — когда он вернётся, мы отправимся (в путь)\nwenn du deine Arbeit beendet hast, sage es uns — когда ты закончишь свою работу, скажи нам\n2) если\nwenn du fruher gekommen warest, hattest du ihn noch getroffen — если бы ты пришёл раньше, ты бы ещё застал его.\n\n&quot;Als&quot; употребляется лишь при однократном действии в прошлом.\nAls ich ein Kind war,...\n\n&quot;Wann&quot; - вопросительное слово.',15,0,0,3,3,1,2,15,1,'                                        '),(82,15,'... beginnt der Sommer?','Союз &quot;wenn&quot; переводится как &quot;когда&quot;, &quot;если&quot;.\n1) когда\nа) при повторяющихся действиях во всех временах\nwenn ich hier vorbeigehe, mu? ich an dich denken — (каждый, всякий раз) когда я прохожу мимо этого места, я невольно думаю о тебе\nwenn der Herbst beginnt — когда начинается осень...\njedesmal, wenn die Uhr schlug, lugte ein Kuckuck durch das Turchen — каждый ( всякий ) раз, когда часы били, из дверцы выглядывала кукушка\nб) при однократном действии в будущем\nwenn er zuruckkommt, brechen wir auf — когда он вернётся, мы отправимся (в путь)\nwenn du deine Arbeit beendet hast, sage es uns — когда ты закончишь свою работу, скажи нам\n2) если\nwenn du fruher gekommen warest, hattest du ihn noch getroffen — если бы ты пришёл раньше, ты бы ещё застал его.\n\n&quot;Als&quot; употребляется лишь при однократном действии в прошлом.\nAls ich ein Kind war,...\n\n&quot;Wann&quot; - вопросительное слово.',15,0,0,2,3,0,1,0,1,'                    '),(83,15,'... ich ein Kind war, fuhr ich Fahrrad jeden Tag.','Союз &quot;wenn&quot; переводится как &quot;когда&quot;, &quot;если&quot;.\n1) когда\nа) при повторяющихся действиях во всех временах\nwenn ich hier vorbeigehe, mu? ich an dich denken — (каждый, всякий раз) когда я прохожу мимо этого места, я невольно думаю о тебе\nwenn der Herbst beginnt — когда начинается осень...\njedesmal, wenn die Uhr schlug, lugte ein Kuckuck durch das Turchen — каждый ( всякий ) раз, когда часы били, из дверцы выглядывала кукушка\nб) при однократном действии в будущем\nwenn er zuruckkommt, brechen wir auf — когда он вернётся, мы отправимся (в путь)\nwenn du deine Arbeit beendet hast, sage es uns — когда ты закончишь свою работу, скажи нам\n2) если\nwenn du fruher gekommen warest, hattest du ihn noch getroffen — если бы ты пришёл раньше, ты бы ещё застал его.\n\n&quot;Als&quot; употребляется лишь при однократном действии в прошлом.\nAls ich ein Kind war,...\nAls ich die Schule beendet habe...\n\n&quot;Wann&quot; - вопросительное слово.',15,0,0,3,3,1,1,0,1,'                    '),(84,15,'... wir diese Stadt erreichten, war es schon dunkel.','&quot;wahrend&quot; - во время того, как/в то время, как.\nЭтот союз потребляется в придаточном предложении, если события или действия в главном и придаточном предложениях происходили в одно время.\nWahrend ich in Hamburg studierte, ging ich oft ins Theater. - В то время, как я учился в Гамбурге, я часто ходил в театр.\n\nСоюз &quot;wenn&quot; переводится как &quot;когда&quot;, &quot;если&quot;.\n1) когда\nа) при повторяющихся действиях во всех временах\nwenn ich hier vorbeigehe, mu? ich an dich denken — (каждый, всякий раз) когда я прохожу мимо этого места, я невольно думаю о тебе\nwenn der Herbst beginnt — когда начинается осень...\njedesmal, wenn die Uhr schlug, lugte ein Kuckuck durch das Turchen — каждый ( всякий ) раз, когда часы били, из дверцы выглядывала кукушка\nб) при однократном действии в будущем\nwenn er zuruckkommt, brechen wir auf — когда он вернётся, мы отправимся (в путь)\nwenn du deine Arbeit beendet hast, sage es uns — когда ты закончишь свою работу, скажи нам\n2) если\nwenn du fruher gekommen warest, hattest du ihn noch getroffen — если бы ты пришёл раньше, ты бы ещё застал его.\n\n&quot;Als&quot; употребляется лишь при однократном действии в прошлом.\nAls ich ein Kind war,...\nAls ich die Schule beendet habe...\n\n&quot;Wann&quot; - вопросительное слово.',15,0,0,3,3,1,2,15,1,'                                        '),(85,15,'... die Rechnung ankommt, wird sie gleich bezahlt.','&quot;wahrend&quot; - во время того, как/в то время, как.\nЭтот союз потребляется в придаточном предложении, если события или действия в главном и придаточном предложениях происходили в одно время.\nWahrend ich in Hamburg studierte, ging ich oft ins Theater. - В то время, как я учился в Гамбурге, я часто ходил в театр.\n\nСоюз &quot;wenn&quot; переводится как &quot;когда&quot;, &quot;если&quot;.\n1) когда\nа) при повторяющихся действиях во всех временах\nwenn ich hier vorbeigehe, mu? ich an dich denken — (каждый, всякий раз) когда я прохожу мимо этого места, я невольно думаю о тебе\nwenn der Herbst beginnt — когда начинается осень...\njedesmal, wenn die Uhr schlug, lugte ein Kuckuck durch das Turchen — каждый ( всякий ) раз, когда часы били, из дверцы выглядывала кукушка\nб) при однократном действии в будущем\nwenn er zuruckkommt, brechen wir auf — когда он вернётся, мы отправимся (в путь)\nwenn du deine Arbeit beendet hast, sage es uns — когда ты закончишь свою работу, скажи нам\n2) если\nwenn du fruher gekommen warest, hattest du ihn noch getroffen — если бы ты пришёл раньше, ты бы ещё застал его.\n\n&quot;Als&quot; употребляется лишь при однократном действии в прошлом.\nAls ich ein Kind war,...\nAls ich die Schule beendet habe...\n\n&quot;Wann&quot; - вопросительное слово.',15,0,0,3,3,1,2,0,1,'                    '),(86,15,'Wir haben erfahren, ... unser Papagei sprechen kann.','Союз &quot;dass&quot; переводится как &quot;что&quot;.\nВ придаточном предложении с cоюзом &quot;dass&quot; глагол всегда стоит на последнем месте, а само придаточное предложение отделяется запятой от главного.\n&quot;was&quot; - вопросительное слово',15,0,0,2,3,1,1,0,1,'                    '),(87,15,'Ich glaube, ... dein Friseur nicht gepflegt ist.','Союз &quot;dass&quot; переводится как &quot;что&quot;.\nВ придаточном предложении с cоюзом &quot;dass&quot; глагол всегда стоит на последнем месте, а само придаточное предложение отделяется запятой от главного.',15,0,0,2,3,1,2,0,1,'                    '),(88,15,'В каком городе находится этот памятник?','Памятник Бременским музыкантам, стоящий на Рыночной площади, без преувеличения — символ Бремена. Скульптура представляет собой своеобразную пирамиду из стоящих друг на друге персонажей из одноименной сказки братьев Гримм. Если быть точнее, на осле стоит собака, на ней — кот, а выше всех взобрался петух. ',15,0,0,2,3,1,3,0,1,'                    '),(89,15,'Какой город Германии самый большой?','',15,0,0,1,3,1,3,0,1,'                    '),(90,15,'Как называется эта достопримечательность?','',15,0,0,1,3,1,3,0,1,'                    '),(141,17,'Si ella te ___(VER), te convertira en una estatua de\nmarmol.','Услов­ное пред­ло­же­ние пер­во­го типа. В при­да­точ­ном пред­ло­же­нии упо­треб­ля­ет­ся толь­ко на­сто­я­щее время Presente de Indicativo).',21,0,0,3,3,1,1,21,1,'                                        '),(142,17,'Какой испанский город изображён на фотографии?','',21,0,0,1,3,1,3,21,1,'                                                            '),(145,15,'Как назывались части Германии во 2-й половине 20-го столетия?','Государственное существование Германии было прекращено 23 мая 1945 года, её территория разделена на 4 оккупационных зоны - советскую, американскую, британскую и французскую. Часть своей оккупационной зоны к востоку от рек Одера и Нейсе СССР передал Польше. В дальнейшем произошло политико-экономическое объединение американской, британской и французских оккупационных зон в т. н. Тризонию, с 1949 г. Федеративная Республика Германии (ФРГ) . \nФедеративная Республика Германии была провозглашена в 1949 году на территории британской, американской и французской оккупационных зон. Столицей ФРГ стал город Бонн. \nПровозглашение ГДР состоялось спустя пять месяцев в ответ на создание на территории трёх западных оккупационных зон Федеративной Республики Германии, 7 октября 1949 провозглашена Конституция ГДР. \nТемпы экономического развития ГДР были ниже, чем в ФРГ, и самыми низкими среди государств Варшавского договора. Тем не менее, уровень жизни в ГДР оставался самым высоким среди восточноевропейских государств. К 1980-м годам ГДР стала высок',15,3,0,3,3,1,3,15,1,'                    '),(146,15,'Что такое Advent?','Адвент - название предрождественского периода, принятое в среде христиан Католической церкви и некоторых протестантских сообществ (например, у лютеран) аналогичное периоду Рождественского поста на Востоке. Адвент — время ожидания, предшествующее празднику Рождества Христова, во время которого христиане готовятся к празднику.',15,3,0,2,3,1,3,15,1,'                    '),(147,15,'Где находится Германия?','',15,3,0,1,3,1,3,15,1,'                    '),(148,15,'Имигрантов какой страны в течение уже многих лет больше всего проживает в Германии?','',15,3,0,2,3,1,3,15,1,'                    '),(149,15,'Как называется самая высокая гора в Германии?','die Erzgebirge, die Alpen и der Harz - название горных местностей, а Die Zugspitze - самая высокая точка Германии, и находится она в Альпах.',15,3,0,2,3,1,3,15,1,'                    '),(150,15,'Какие города в Германии имеют статус самостоятельных федеральных земель?','',15,3,0,2,3,1,3,15,1,'                    '),(151,15,'Cколько в Германии проживает человек?','',15,3,0,1,3,1,3,15,1,'                    '),(152,15,'Какие цвета на флаге Германии?','',16,3,0,1,3,1,3,15,1,'                                        '),(153,15,'Какое животное изображено на гербе Берлина?','',15,3,0,1,3,1,3,15,1,'                    '),(154,15,'Федеральная земля, столица которой - Мюнхен, называется...','',15,3,0,1,3,1,3,15,1,'                    '),(155,15,'Самая длинная река Германии - это ...','',15,3,0,1,3,1,3,15,1,'                    '),(156,17,'?Estoy pensando que seria una buena idea vivir algun dia en la ... Barcelona!','В данном случае во фразе пропущено прилагательное женского рода (fabulosa) ',21,0,0,2,3,1,1,21,1,'                    '),(157,15,'test редактор немецкого','test редактор немецкого',15,3,0,2,3,1,3,15,1,'                    '),(158,15,'После окончания какой школы можно продолжить обучение в высшем учебном заведении?','',15,3,0,2,3,0,3,15,1,'                    '),(159,15,'В каком году был основан Берлин?','',15,3,0,2,3,1,3,15,1,'                    '),(160,15,'&quot;Alexanderplatz&quot; в Берлине носит имя русского императора...','',15,3,0,1,3,1,3,15,1,'                    '),(161,15,'Летние Олимпийские игры в Германии в 1972 году проводились в городе...','',15,3,0,1,3,1,3,15,1,'                    '),(162,15,'Какой город носит литературное название &quot;Флоренция на Эльбе&quot;?','Впервые Дрезден заслужил сравнение с Флоренцией от немецкого историка искусства Иоганна Готфрида Гердера, который в своей «Адрастее» в 1802 г. назвал Дрезден с его художественными собраниями «немецкой Флоренцией».\n\nОднако это название Дрездена было обусловлено не только теми художественными ценностями, которые хранили музеи города, но и живописным положением Дрездена в долине Эльбы и характерной барочной архитектурой, за которой закрепилось образное выражение «музыка в камне». Благодатная художественная атмосфера города привлекала многих и многих творческих людей, воспринимавших сам город как единое произведение искусства.',15,3,0,2,3,1,3,15,1,'                    '),(163,15,'Германия состоит из ....','',15,3,0,1,3,1,3,15,1,'                    '),(164,15,'Когда произошло объединение Германии?','',15,3,0,2,3,1,3,15,1,'                    '),(165,15,'Самое большое озеро в Германии - это ...','',15,3,0,1,3,0,3,15,1,'                    '),(166,17,'De pronto, oyo una voz que pedia: &quot;Por favor, nino, _____ (Salvarme)&quot;.','Прямая речь, необходимо использовать повелительное наклонение (Imperativo Afermativo). Форма второго лица единственного числа. ',21,0,0,2,3,1,1,21,1,'                                        '),(167,15,'Театр Шиллера находится в городе ...','Построен в 1906 году по проекту мюнхенского театрального архитектора Макса Литтманна по заказу Schiller-Theater AG и города Шарлоттенбург. В 1920 году, после объединения Шарлоттенбурга с Берлином, стал второй сценой Прусского государственного театра. В мае 1933 года был переименован в Молодёжный театр[1], но уже в декабре того же года перешёл во владение города Берлина. С 1937 по 1938 год Паулем Баумгартнером была проведена глубокая реконструкция театра[2].\n\nВо время Второй мировой войны неоднократно подвергался бомбардировке[3]. 29 ноября 1943 года был полностью разрушен. Восстановление театра произошло в 1951 году по проекту архитекторов Хайнца Фёлькера и Рольфа Гросса. При строительстве были частично использованы руины прежнего здания. Для фасада нового здания художник Людвиг Петер Ковальски создал огромный стеклянный витраж[4], а 28-метровый барельеф изготовил Бернард Хайлигер[5].\n\nВ 1993 году из-за тяжёлого финансового положения театр решением Сената Берлина был закрыт, а его сотрудники уволены. Закрытие одной из крупнейших немецких сцен вызвало протесты, а за его инициатором Ульрихом Ролоффом-Момином закрепило прозвище «убийца Шиллера». В 2000 году сцену театра использовал Maxim-Gorki-Theater. В 2010 году на время реставрации главного здания сюда переехала Берлинская государственная опера.',15,3,0,3,3,1,3,15,1,'                    '),(168,15,'Что такое Ku-damm?','Ku-Damm (Kurfurstendamm) - знаменитый бульвар Берлина, одна из основных автомобильных магистралей в берлинском округе Шарлоттенбург-Вильмерсдорф. Улица протяжённостью 3,5 км начинается у площади Брайтшайдплац и ведёт к площади Ратенауплац (нем. Rathenauplatz). Кудамм известна как популярное место для прогулок, покупок и развлечений. Прообразом Кудамм послужили Елисейские поля.',15,3,0,2,3,1,3,15,1,'                    '),(169,15,'Какой город Германии называют &quot;Воротами в мир&quot;?','В XII веке, в связи со стремительным развитием торговли на севере Европы,  возросло значение реки Эльбы как важной транспортной артерии. 7 мая 1189 года император Фридрих I Барбаросса предоставляет Гамбургу торговые привилегии, в том числе позволив этому городу собирать таможенные пошлины с товаров, перевозимых по Эльбе. Это обстоятельство сыграло большую роль в развитии гамбургского порта, и сейчас этот день празднуется в Гамбурге как День рождения порта.\n\nОдним из первых Гамбург стал важнейшим портом на Северном море. На гербе и флаге Гамбурга изображены ворота городской крепости, и Гамбург часто называют за это воротами в мир (Tor zur Welt).\n\nСегодня порт Гамбурга — самый большой морской и четвертый по величине речной порт Германии, через который проходит более половины экспорта и импорта страны. Здесь же находится самый большой в мире складской комплекс, который тянется в длину более чем на километр.\n\n',15,3,0,2,3,1,3,15,1,'                    '),(170,15,'Когда празднуется День Народного Единства в Германии?','3 октября 1990 года ГДР и ФРГ объединились, и с этого дня этот день празднуется как день народного единства.',15,3,0,1,3,1,3,15,1,'                    '),(171,15,'Когда празднуют Рождество в Германии?','',15,3,0,1,3,1,3,15,1,'                    '),(172,15,'На какой площади находятся Бранденбургские ворота?','',16,3,0,1,3,0,3,15,1,'                                        '),(173,15,'Когда начинают праздновать знаменитый Oktoberfest ?','',15,3,0,1,3,1,3,15,1,'                    '),(174,15,'Как называют в народе реку Рейн?','',15,3,0,1,3,1,3,15,1,'                    '),(175,15,'Какую религию исповедуют 65% населения страны?','',15,3,0,1,3,1,3,15,1,'                    '),(176,15,'Официальная денежная единица страны - ...','Марки существовали как официальная денежная единица страны начиная с XVI века. Имела хождение в ФРГ вплоть до введения евро в 2002.',15,3,0,1,3,0,3,15,1,'                    '),(177,17,'El ano pasado nuestro equipo escolar de futbol _____ la Copa Municipal.','Остальные варианты ответа подходят в случае победы над кем-то или в чем-то, но не используются в контексте выигрыша приза или соревнования.',21,0,0,2,3,1,2,21,1,'                    '),(178,15,'Где находится Berliner Fernsehturm?','Берлинская телебашня (нем. Berliner Fernsehturm) — сооружение в центре германской столицы высотой 368 м. Самое высокое сооружение Германии и после Останкинской телебашни в Москве (540 м), Киевской телебашни и Рижской телебашни четвёртое по высоте среди телебашен Европы. Не следует путать Берлинскую телебашню с радиобашней в западной части города.',15,3,0,2,3,0,3,15,1,'                    '),(179,15,'Какой город считается столицей немецкого Карнавала?','Столицей карнавала называют Кёльн. Конец февраля и начало марта являются традиционным сезоном карнавалов, когда количество туристов в этом городе значительно увеличивается.',15,3,0,1,3,1,3,15,1,'                                        '),(180,17,'Su proyecto es _____ que nuestro. Nuestro proyecto es mucho mejor.','Правильным ответом будет сравнительная степень прилагательного &quot;плохой&quot;, которая входит в список исключений: malo - peor, bueno - mejor, grande - mayor, pequeno - menor...',21,0,0,2,3,1,2,21,1,'                    '),(181,15,'В Германии есть место, которое сравнивают с Венецией, и это ...','Эта местность носит название Шпреевальд. Тихие болотистые берега, поросшие лесом, стали  домом для животных и растений, которые уже не встречаются нигде на планете. Шпреевальд в дословном переводе - лес  из ручьев. Эта местность пронизана руками и экскурсия по Шпреевальду проходит на лодках.',15,3,0,2,3,1,3,15,1,'                    '),(182,17,'Ser maestro no es una profesion, _____ es una vocacion.','В данном случае в предложении используется противопоставление &quot;это не... , а ....&quot;. В испанском ей соответствует конструкция &quot;no es..., sino que es ... &quot;.',21,0,0,1,3,1,2,21,1,'                    '),(183,15,'Архитектурный ансамбль Цвингер в Германии – всемирно известный шедевр в стиле барокко. В каком город','Цвингер находится в Дрездене. Он был построен в 1709 году в окружении деревянных домов и служил местом встреч саксонской придворной знати.',15,4,0,2,3,1,3,15,1,'                                        '),(184,17,'He olvidado un boligrafo. Alejandro, _____ uno, por favor.','Из контекста следует, что это просьба дать ручку, поэтому правильным ответом будет глагол &quot;дать&quot; (dar) в повелительном наклонении с возвратной частицей &quot;мне&quot; (me).',21,0,0,1,3,1,3,21,1,'                    '),(185,17,'Yo quisiera ayudarte, pero hay _____ problema.','Слово &quot;problema&quot;, несмотря на окончание, мужского рода. Кроме того, после &quot;hay&quot; никогда не ставится определенный артикль.',21,0,0,1,3,1,3,21,1,'                    '),(186,17,'El abuelo siempre le _____ unas historias fantasticas.','Пропущен глагол &quot;рассказывать&quot;. Остальные (&quot;пересказывать&quot;, &quot;разговаривать&quot;, &quot;говорить&quot;) не подходят по контексту.',21,0,0,1,3,1,2,21,1,'                    '),(187,17,'Что обычно говорят испанцы человеку, который только что чихнул?','Испанским аналогом для нашего &quot;Будь здоров!&quot; будет восклицание ?Jesus! либо ?Salud!.',21,0,0,2,3,1,3,21,1,'                    '),(188,17,'Esto es el edificio del Ayuntamiento. A su lado _____ el edificio del correo.','С указанием месторасположения чего-либо (в данном случае здания почты) обычно используется глагол &quot;estar&quot;.',21,0,0,1,3,1,3,21,1,'                    '),(189,17,'Te aconsejo que ___ un gorro. Hace mucho frio.','После глагола &quot;советовать&quot; (aconsejar) используется Subjuntivo.',21,0,0,4,3,1,2,21,1,'                    '),(190,17,'La ultima tarea fue ____ dificil que no pude hacerla bien.','Чтоб подчеркнуть прилагательное (в данном случае &quot;задание было таким тяжелым,что...&quot;), используется &quot;tan&quot;.',21,0,0,2,3,1,2,21,1,'                    '),(192,15,'Архитектурный ансамбль Цвингер в Германии – шедевр в стиле барокко. В каком городе он находится?','Цвингер находится в Дрездене. Он был построен в 1709 году в окружении деревянных домов и служил местом встреч саксонской придворной знати.',15,3,0,2,3,1,3,15,1,'                                        '),(193,15,'Какая известная марка автомобилей выпускается в городе Вольфсбург?','',15,3,0,2,3,1,3,15,1,'                    '),(194,15,'По немецкой традиции это животное оставляет в подарок на Пасху хорошим детям корзину с разноцветными','',15,3,0,1,3,1,3,15,1,'                    '),(195,15,'Дворец Сан-Суси является достопримечательностью одного из городов Германии. Где он находится?','Он находится в Потсдаме (под Берлином). Это была летняя резиденция Фридриха II. Площадь парка составляет 290 га.',15,3,0,2,3,1,3,15,1,'                                        '),(196,15,'Дворец Сан-Суси является достопримечательностью одного из городов Германии. Где он находится?','Он находится в Потсдаме (под Берлином). Это была летняя резиденция Фридриха II. Площадь парка составляет 290 га.',15,3,0,2,3,1,3,15,1,'                                        '),(197,15,'Какой город является родиной барона Мюнхаузена?','Этот город называется Боденвердер. Он является родиной знаменитого барона Мюнхгаузена. Родовое гнездо Мюнхгаузенов находится почти в самом центре этого города.',15,3,0,1,3,1,3,15,1,'                    '),(198,15,'Какие страны помимо Германии считаются немецкоговорящими?','Немецкий язык - язык немцев, австрийцев, лихтенштейнцев и большей части швейцарцев, официальный язык Германии, Австрии, Лихтенштейна, один из официальных языков Швейцарии, Люксембурга и Бельгии. Относится к индоевропейской семье языков(германская ветвь). Письменность на основе латинского алфавита.\n',15,3,0,3,3,1,3,15,1,'                    '),(199,15,'Какой немецкий писатель получил в 1999 году Нобелевскую премию?','Семидесятилетний Гюнтер Грасс, пятый немецкий писатель, получивший Нобелевскую премию. До него этой части удостаивались Герхард Кауптман, Томас Манн, Герман Гессе и Генрих Бёлль. \n \nВ 1929 г. Томасу Манну присуждается Нобелевская премия по литературе «прежде всего за великий роман «Будденброки» , который стал классикой современной литературы и популярность которого неуклонно растет» . \n \nГерман Гессе, нобелевский лауреат 1946 года, - один из самых читаемых авторов XX века. Все свое творчество он называл «затянувшейся попыткой рассказать историю своего духовного развития» , «биографией души» . Одна из основных тем творчества писателя — судьба художника во враждебном ему обществе, место подлинного искусства в мире. \n \nГенрих Бёлль (1917-1985) - крупнейший немецкий писатель XX века, лауреат Нобелевской премии (1972). Его перу принадлежат около десятка романов и повестей',15,3,0,3,3,1,3,15,1,'                    '),(200,15,'Что неверно?','Мюнхен находится на реке Изар.',15,3,0,3,3,1,3,15,1,'                    '),(201,15,'Как называется самый старый университет Германии?','Старейшим на территории современной Германии считается Гейдельбергский университет. Он основан курфюрстом Пфальца Рупрехтом I в 1386 году. Одной из исторических достопримечательностей вуза стал студенческий карцер. В последний раз проштрафившиеся студенты отбывали в нем наказание в 1914 году. Сегодня этот музей - настоящий магнит для туристов: ежегодно его посещают более 40 тысяч человек.\n\nБерлинский универитет имени Гумбольдта (Humboldt-Universitat zu Berlin) был основан в 1809 году и назван в честь братьев фон Гумбольдт – Вильгельма и Александра. Вильгельм фон Гумбольдт разработал концепцию университета и приложил немало стараний к его развитию. История университета связана с именами таких известных личностей, как Генрих Гейне, Людвиг Файербах, Карл и Вильгельм Либкнехт, а ректорами в свое время здесь были Фихте, Гегель .',15,3,0,3,3,1,3,15,1,'                    '),(202,15,'Какой город называют городом немецкой классики?','ебольшой немецкий городок Веймар имеет богатое прошлое. В Веймаре много исторических мест. Главные из них связаны с именами Гете и Шиллера. Эти два великих немецких писателя создали в этом городе свои самые выдающиеся произведения. Творчество этих людей не перестает восхищать людей.  Богата и музыкальная жизнь Веймара. Здесь жили и творили такие великие композиторы как И. С. Бах, Ф. Лист, Р. Вагнер. История города Веймара очень богата. ',15,3,0,2,3,1,3,15,1,'                    '),(203,15,'Как называется город фарфора или город голубых мечей?','Первая в Европе фарфоровая мануфактура Meissen была основана в 1710 году. Для светской Европы мейсенский фарфор сразу же стал предметом культа. Скрещенные синие мечи - эмблема саксонского фарфора Meissen с почти трехсотлетней историей - это один из самых престижных логотипов среди поклонников изысканной роскоши. Этот товарный знак наносится вручную кобальтовой краской под глазурью на каждое фарфоровое изделие майсенской мануфактуры с 1722 года. Несомненно, секрет обаяния фарфора Meissen заключается в его способности выражать представление о роскоши каждой эпохи, сохраняя при этом свой неповторимый стиль.',15,3,0,2,3,1,3,15,1,'                    '),(204,15,'Как долго продолжается Адвент (Adventszeit - предрождественское время)?\n','Духовный смысл Адвента двояк. Во-первых, это период подготовки к празднованию Рождества, «время радостного ожидания»; во-вторых, Церковь в этот период особым образом побуждает верующих размышлять на тему грядущего второго пришествия Христа.\n\nКаждое из четырёх воскресений Адвента имеет определённую тематику, отражающуюся в евангельских воскресных чтениях: первое посвящено пришествию Христа в конце времён; второе и третье (Gaudete) отражают переход от Ветхого к Новому Завету, в том числе вспоминается служение Иоанна Крестителя; четвёртое посвящено евангельским событиям, непосредственно предшествовавшим Рождеству.',15,3,0,2,3,0,3,15,1,'                    '),(205,15,'Какое дерево немцы считает священным?',' В германской мифологии Липа являлась священным деревом Фрейи, богини любви и красоты.\nТакже Липа стала священным символом города Лейпцига.',15,3,0,2,3,1,3,15,1,'                    '),(206,15,'111','В этой библиотеке в городе Лейпциг собраны все книги, изданные во всем мире на немецком языке.\nОсновной миссией Немецкой национальной библиотеки является коллекционирование, архивирование, обработка и сохранение библиографических публикаций на немецком языке, собранных со всего мира. Эта задача выполняется сотрудниками библиотеки с 1913 года. Здесь ведётся постоянная работа по поиску немецкоязычных публикаций в мировых изданиях, публикаций на различных иностранных языках о Германии и перевод.',15,3,0,3,3,1,3,15,1,'                                                                                '),(207,15,' Когда в Германии празднуют Троицу (Pfingsten)?','Pfingsten – это христианский праздник, празднуемый в честь сошествия Святого Духа верующими многих стран мира. С давних пор считается, что главным символом Троицы, или Pfingsten, является голубь (die Taube). С шестого века существует обычай выпускать в небо голубей во время церковной службы, в некоторых местечках в Германии он сохранился и по сегодняшний день. Голубь является символом мира, а также символом Святого Духа в христианской традиции.  \n',15,3,0,3,3,0,3,15,1,'                    '),(208,15,' Сколько музеев расположено на Берлинском острове музеев?','На музейном острове находятся 5 великолепных музеев и Немецкий кафедральный собор.\n\nМузей Боде (Bode Museum)\nПергамон (Pergamonmuseum Berlin)\nСтарая национальная галерея (Alte Nationalgalerie)\nНовый музей (Neues Museum)\nСтарый музей (Altes Museum)',15,3,0,2,3,1,3,15,1,'                    '),(209,15,'Сколько падежей в немецком языке?','именительный - Nominativ\nродительный - Genetiv\nдательный - Dativ\nвинительный - Akkusativ',15,3,0,1,3,0,3,15,1,'                    '),(210,15,'Притяжательные местоимения отвечают на вопрос...','Притяжательные местоимения отвечают на вопрос &quot;чей&quot;.',15,3,0,1,3,1,3,15,1,'                    '),(211,15,'На фотографии изображён ...','',15,3,0,1,3,1,3,15,1,'                    ');

#
# Structure for table "vopros_log"
#

DROP TABLE IF EXISTS `vopros_log`;
CREATE TABLE `vopros_log` (
  `id` int(11) NOT NULL AUTO_INCREMENT,
  `datatime` int(11) NOT NULL DEFAULT '0',
  `vopros` int(11) NOT NULL DEFAULT '0',
  `log` varchar(255) NOT NULL DEFAULT '',
  `operator` int(11) NOT NULL,
  PRIMARY KEY (`id`)
) ENGINE=InnoDB AUTO_INCREMENT=274 DEFAULT CHARSET=utf8;

#
# Data for table "vopros_log"
#

INSERT INTO `vopros_log` VALUES (1,0,1,'NEW',0),(2,0,1,'тестируем',0),(3,1475653681,1,'test',0),(4,1475653686,2,'test',6),(5,1475739515,1,'test',0),(6,1475739532,1,'test',1),(7,1475739534,1,'test',0),(8,1475739536,1,'test',0),(9,1475828694,18,'Добавлен',1),(10,1475828719,19,'Добавлен',1),(11,1476266758,10,'Добавлен',1),(12,1476266804,11,'Добавлен',1),(13,1476266829,12,'Добавлен',1),(14,1477307805,31,'Добавлен',3),(15,1477308688,32,'Добавлен',3),(16,1477340843,33,'Добавлен',11),(17,1477376424,34,'Добавлен',11),(18,1477376809,35,'Добавлен',11),(19,1477380303,36,'Добавлен',11),(20,1477433265,37,'Добавлен',11),(21,1477433741,38,'Добавлен',11),(22,1477465459,39,'Добавлен',3),(23,1477910980,32,'',1),(24,1477913918,40,'Добавлен',6),(25,1477914527,41,'Добавлен',6),(26,1477915513,42,'Добавлен',6),(27,1477916438,43,'Добавлен',11),(28,1477927569,44,'Добавлен',11),(29,1477928188,45,'Добавлен',15),(30,1477928698,46,'Добавлен',15),(31,1477929757,47,'Добавлен',15),(32,1477930513,48,'Добавлен',15),(33,1477930744,49,'Добавлен',15),(34,1477930750,50,'Добавлен',15),(35,1477931237,51,'Добавлен',15),(36,1477931587,52,'Добавлен',15),(37,1477932540,53,'Добавлен',15),(38,1477932953,54,'Добавлен',15),(39,1477933094,50,'',15),(40,1477934394,55,'Добавлен',15),(41,1477934762,56,'Добавлен',15),(42,1477935487,57,'Добавлен',15),(43,1477936523,58,'Добавлен',15),(44,1477939555,59,'Добавлен',15),(45,1477941851,60,'Добавлен',15),(46,1477942145,61,'Добавлен',15),(47,1477942559,62,'Добавлен',15),(48,1477943271,63,'Добавлен',15),(49,1477943649,64,'Добавлен',15),(50,1477944097,65,'Добавлен',15),(51,1477944549,66,'Добавлен',15),(52,1477944781,67,'Добавлен',15),(53,1477944943,68,'Добавлен',15),(54,1477945070,69,'Добавлен',15),(55,1477945418,70,'Добавлен',15),(56,1477998354,71,'Добавлен',15),(57,1477999154,72,'Добавлен',15),(58,1477999426,73,'Добавлен',15),(59,1478000386,74,'Добавлен',15),(60,1478093695,75,'Добавлен',15),(61,1478093871,76,'Добавлен',15),(62,1478094269,77,'Добавлен',15),(63,1478096027,78,'Добавлен',15),(64,1478101958,79,'Добавлен',15),(65,1478102062,80,'Добавлен',15),(66,1478102226,81,'Добавлен',15),(67,1478102744,82,'Добавлен',15),(68,1478102922,83,'Добавлен',15),(69,1478103281,84,'Добавлен',15),(70,1478103525,85,'Добавлен',15),(71,1478103670,86,'Добавлен',15),(72,1478103833,87,'Добавлен',15),(73,1478105027,88,'Добавлен',15),(74,1478106515,89,'Добавлен',15),(75,1478107001,90,'Добавлен',15),(76,1478190436,91,'Добавлен',16),(77,1478190514,92,'Добавлен',11),(78,1478191070,93,'Добавлен',3),(79,1478193449,94,'Добавлен',3),(80,1478193666,95,'Добавлен',16),(81,1478250929,96,'Добавлен',11),(82,1478251516,97,'Добавлен',11),(83,1478253543,97,'',7),(84,1478253560,97,'Отправлено редактору',7),(85,1478253885,98,'Добавлен',7),(86,1478499533,99,'Добавлен',7),(87,1478499661,100,'Добавлен',7),(88,1478500260,101,'Добавлен',7),(89,1478507328,102,'Добавлен',7),(90,1478520125,103,'Добавлен',7),(91,1478544809,104,'Добавлен',7),(92,1478550730,104,'исправить ошибки',11),(93,1478550987,105,'Добавлен',11),(94,1478551285,106,'Добавлен',11),(95,1478551289,107,'Добавлен',11),(96,1478551488,108,'Добавлен',11),(97,1478595883,109,'Добавлен',7),(98,1478612873,110,'Добавлен',3),(99,1478612980,111,'Добавлен',3),(100,1478613679,112,'Добавлен',17),(101,1478613952,113,'Добавлен',17),(102,1478613988,114,'Добавлен',17),(103,1478614277,115,'Добавлен',17),(104,1478621643,116,'Добавлен',7),(105,1478622609,117,'Добавлен',7),(106,1478622728,118,'Добавлен',11),(107,1478622764,119,'Добавлен',3),(108,1478623171,120,'Добавлен',6),(109,1478623837,121,'Добавлен',6),(110,1478625781,122,'Добавлен',17),(111,1478626148,123,'Добавлен',11),(112,1478626526,124,'Добавлен',11),(113,1478675220,125,'Добавлен',3),(114,1478678686,126,'Добавлен',7),(115,1478684451,127,'Добавлен',7),(116,1478685633,128,'Добавлен',7),(117,1478695692,129,'Добавлен',7),(118,1478696289,130,'Добавлен',11),(119,1478697027,131,'Добавлен',11),(120,1478697443,132,'Добавлен',7),(121,1478697670,133,'Добавлен',7),(122,1478697676,134,'Добавлен',7),(123,1478697684,135,'Добавлен',7),(124,1478698241,136,'Добавлен',7),(125,1478698528,137,'Добавлен',7),(126,1478699202,138,'Добавлен',6),(127,1478699814,139,'Добавлен',7),(128,1478730663,140,'Добавлен',7),(129,1478955523,141,'Добавлен',21),(130,1478956658,142,'Добавлен',21),(131,1478957021,143,'Добавлен',17),(132,1478957270,144,'Добавлен',21),(133,1478962910,145,'Добавлен',15),(134,1478963506,146,'Добавлен',15),(135,1478964298,147,'Добавлен',15),(136,1478964558,148,'Добавлен',15),(137,1478964802,149,'Добавлен',15),(138,1478964984,150,'Добавлен',15),(139,1478965075,151,'Добавлен',15),(140,1478965283,152,'Добавлен',15),(141,1478965374,153,'Добавлен',15),(142,1478965837,154,'Добавлен',15),(143,1478966028,155,'Добавлен',15),(144,1478966228,156,'Добавлен',21),(145,1478966374,157,'Добавлен',15),(146,1478966523,158,'Добавлен',15),(147,1478967378,159,'Добавлен',15),(148,1478967568,160,'Добавлен',15),(149,1478967727,161,'Добавлен',15),(150,1478967913,162,'Добавлен',15),(151,1478967988,163,'Добавлен',15),(152,1478968209,164,'Добавлен',15),(153,1478968353,165,'Добавлен',15),(154,1478968580,166,'Добавлен',21),(155,1478969359,167,'Добавлен',15),(156,1478969709,168,'Добавлен',15),(157,1478970153,169,'Добавлен',15),(158,1478970421,170,'Добавлен',15),(159,1478970524,171,'Добавлен',15),(160,1478970989,172,'Добавлен',15),(161,1478971156,173,'Добавлен',15),(162,1478971270,174,'Добавлен',15),(163,1478971840,175,'Добавлен',15),(164,1478971960,176,'Добавлен',15),(165,1478972106,177,'Добавлен',21),(166,1478972465,178,'Добавлен',15),(167,1478972618,179,'Добавлен',15),(168,1478972826,180,'Добавлен',21),(169,1478972943,181,'Добавлен',15),(170,1478973151,182,'Добавлен',21),(171,1478973318,183,'Добавлен',15),(172,1478973950,184,'Добавлен',21),(173,1478974188,185,'Добавлен',21),(174,1478976344,186,'Добавлен',21),(175,1478976823,187,'Добавлен',21),(176,1478976927,188,'Добавлен',21),(177,1478977059,189,'Добавлен',21),(178,1478977256,190,'Добавлен',21),(179,1478977293,191,'Добавлен',20),(180,1478977964,191,'Добавлен',20),(181,1478980687,192,'Добавлен',15),(182,1478980913,193,'Добавлен',15),(183,1478981193,194,'Добавлен',15),(184,1478981513,195,'Добавлен',15),(185,1478981964,196,'Добавлен',15),(186,1478982534,197,'Добавлен',15),(187,1478983050,198,'Добавлен',15),(188,1478984143,199,'Добавлен',15),(189,1478984357,200,'Добавлен',15),(190,1478984977,201,'Добавлен',15),(191,1478985834,202,'Добавлен',15),(192,1478986218,203,'Добавлен',15),(193,1478986513,204,'Добавлен',15),(194,1478986841,205,'Добавлен',15),(195,1478987409,206,'Добавлен',15),(196,1478987646,207,'Добавлен',15),(197,1478987860,208,'Добавлен',15),(198,1478988152,209,'Добавлен',15),(199,1478988433,210,'Добавлен',15),(200,1478989016,211,'Добавлен',15),(201,1478989528,212,'Добавлен',15),(202,1478989649,213,'Добавлен',15),(203,1478989840,214,'Добавлен',15),(204,1478990336,215,'Добавлен',15),(205,1478990781,216,'Добавлен',15),(206,1478991107,217,'Добавлен',15),(207,1478991962,218,'Добавлен',15),(208,1478992060,219,'Добавлен',15),(209,1478992163,220,'Добавлен',15),(210,1478992231,221,'Добавлен',15),(211,1478994196,222,'Добавлен',15),(212,1478994373,223,'Добавлен',15),(213,1478994580,224,'Добавлен',15),(214,1478994682,225,'Добавлен',15),(215,1478995161,226,'Добавлен',15),(216,1478995228,227,'Добавлен',15),(217,1478995570,228,'Добавлен',15),(218,1478995925,229,'Добавлен',15),(219,1478997024,230,'Добавлен',15),(220,1478997412,231,'Добавлен',15),(221,1479044343,232,'Добавлен',15),(222,1479044649,233,'Добавлен',15),(223,1479044791,234,'Добавлен',15),(224,1479045761,235,'Добавлен',15),(225,1479046229,236,'Добавлен',15),(226,1479046387,237,'Добавлен',15),(227,1479046503,238,'Добавлен',15),(228,1479046582,239,'Добавлен',15),(229,1479046753,240,'Добавлен',15),(230,1479046981,241,'Добавлен',15),(231,1479047475,242,'Добавлен',15),(232,1479047600,243,'Добавлен',15),(233,1479047732,244,'Добавлен',15),(234,1479047976,245,'Добавлен',15),(235,1479048142,246,'Добавлен',15),(236,1479048235,247,'Добавлен',15),(237,1479048426,248,'Добавлен',15),(238,1479048523,249,'Добавлен',15),(239,1479048965,250,'Добавлен',15),(240,1479049046,251,'Добавлен',15),(241,1479049119,252,'Добавлен',15),(242,1479049212,253,'Добавлен',15),(243,1479049286,254,'Добавлен',15),(244,1479049344,255,'Добавлен',15),(245,1479049690,256,'Добавлен',15),(246,1479049820,257,'Добавлен',15),(247,1479049939,258,'Добавлен',15),(248,1479050064,259,'Добавлен',15),(249,1479050146,260,'Добавлен',15),(250,1479050315,261,'Добавлен',15),(251,1479050452,262,'Добавлен',15),(252,1479050568,263,'Добавлен',15),(253,1479050755,264,'Добавлен',15),(254,1479050840,265,'Добавлен',15),(255,1479050915,266,'Добавлен',15),(256,1479051001,267,'Добавлен',15),(257,1479051159,268,'Добавлен',15),(258,1479052224,269,'Добавлен',15),(259,1479052339,270,'Добавлен',15),(260,1479052428,271,'Добавлен',15),(261,1479052534,272,'Добавлен',15),(262,1479052598,273,'Добавлен',15),(263,1479052801,274,'Добавлен',15),(264,1479065918,275,'Добавлен',20),(265,1479066049,191,'Добавлен',20),(266,1479066521,191,'Добавлен',20),(267,1479107197,191,'Добавлен',20),(268,1479107774,191,'Добавлен',20),(269,1479107847,276,'Добавлен',20),(270,1479108765,277,'Добавлен',11),(271,1479109634,278,'Добавлен',20),(272,1479111809,279,'Добавлен',15),(273,1479116421,280,'Добавлен',15);
